log_id,message_id,from_address,received_at,attachment_name,processing_status,created_at
1,BH26.0935,dathang@email.vn,2026-03-01,BH26_0935.eml,processed,2026-05-27 14:54:50
2,BH26.0936,dathang@email.vn,2026-03-01,BH26_0936.eml,processed,2026-05-27 14:54:50
3,BH26.0937,dathang@email.vn,2026-03-01,BH26_0937.eml,processed,2026-05-27 14:54:50
4,BH26.0938,dathang@email.vn,2026-03-01,BH26_0938.eml,processed,2026-05-27 14:54:50
5,BH26.0939,dathang@email.vn,2026-03-01,BH26_0939.eml,processed,2026-05-27 14:54:50
6,BH26.0940,dathang@email.vn,2026-03-01,BH26_0940.eml,processed,2026-05-27 14:54:50
7,BH26.0941,dathang@email.vn,2026-03-01,BH26_0941.eml,processed,2026-05-27 14:54:50
8,BH26.0942,dathang@email.vn,2026-03-01,BH26_0942.eml,processed,2026-05-27 14:54:50
9,BH26.0943,dathang@email.vn,2026-03-01,BH26_0943.eml,processed,2026-05-27 14:54:50
10,BH26.0944,dathang@email.vn,2026-03-01,BH26_0944.eml,processed,2026-05-27 14:54:50
11,BH26.0945,dathang@email.vn,2026-03-01,BH26_0945.eml,processed,2026-05-27 14:54:50
12,BH26.0946,dathang@email.vn,2026-03-01,BH26_0946.eml,processed,2026-05-27 14:54:50
13,BH26.0947,dathang@email.vn,2026-03-01,BH26_0947.eml,processed,2026-05-27 14:54:50
14,BH26.0948,dathang@email.vn,2026-03-01,BH26_0948.eml,processed,2026-05-27 14:54:50
15,BH26.0949,dathang@email.vn,2026-03-01,BH26_0949.eml,processed,2026-05-27 14:54:50
16,BH26.0950,dathang@email.vn,2026-03-01,BH26_0950.eml,processed,2026-05-27 14:54:50
17,BH26.0951,dathang@email.vn,2026-03-01,BH26_0951.eml,processed,2026-05-27 14:54:50
18,BH26.0952,dathang@email.vn,2026-03-01,BH26_0952.eml,processed,2026-05-27 14:54:50
19,BH26.0953,dathang@email.vn,2026-03-01,BH26_0953.eml,processed,2026-05-27 14:54:50
20,BH26.0954,dathang@email.vn,2026-03-01,BH26_0954.eml,processed,2026-05-27 14:54:50
21,BH26.0955,dathang@email.vn,2026-03-01,BH26_0955.eml,processed,2026-05-27 14:54:50
22,BH26.0956,dathang@email.vn,2026-03-01,BH26_0956.eml,processed,2026-05-27 14:54:50
23,BH26.0957,dathang@email.vn,2026-03-01,BH26_0957.eml,processed,2026-05-27 14:54:50
24,BH26.0958,dathang@email.vn,2026-03-01,BH26_0958.eml,processed,2026-05-27 14:54:50
25,BH26.0959,dathang@email.vn,2026-03-01,BH26_0959.eml,processed,2026-05-27 14:54:50
26,BH26.0960,dathang@email.vn,2026-03-01,BH26_0960.eml,processed,2026-05-27 14:54:50
27,BH26.0961,dathang@email.vn,2026-03-01,BH26_0961.eml,processed,2026-05-27 14:54:50
28,BH26.0962,dathang@email.vn,2026-03-01,BH26_0962.eml,processed,2026-05-27 14:54:50
29,BH26.0963,dathang@email.vn,2026-03-02,BH26_0963.eml,processed,2026-05-27 14:54:50
30,BH26.0964,dathang@email.vn,2026-03-02,BH26_0964.eml,processed,2026-05-27 14:54:50
31,BH26.0965,dathang@email.vn,2026-03-02,BH26_0965.eml,processed,2026-05-27 14:54:50
32,BH26.0966,dathang@email.vn,2026-03-02,BH26_0966.eml,processed,2026-05-27 14:54:50
33,BH26.0967,dathang@email.vn,2026-03-02,BH26_0967.eml,processed,2026-05-27 14:54:50
34,BH26.0968,dathang@email.vn,2026-03-02,BH26_0968.eml,processed,2026-05-27 14:54:50
35,BH26.0969,dathang@email.vn,2026-03-02,BH26_0969.eml,processed,2026-05-27 14:54:50
36,BH26.0970,dathang@email.vn,2026-03-02,BH26_0970.eml,processed,2026-05-27 14:54:50
37,BH26.0971,dathang@email.vn,2026-03-02,BH26_0971.eml,processed,2026-05-27 14:54:50
38,BH26.0972,dathang@email.vn,2026-03-02,BH26_0972.eml,processed,2026-05-27 14:54:50
39,BH26.0973,dathang@email.vn,2026-03-02,BH26_0973.eml,processed,2026-05-27 14:54:50
40,BH26.0974,dathang@email.vn,2026-03-02,BH26_0974.eml,processed,2026-05-27 14:54:50
41,BH26.0975,dathang@email.vn,2026-03-02,BH26_0975.eml,processed,2026-05-27 14:54:50
42,BH26.0976,dathang@email.vn,2026-03-02,BH26_0976.eml,processed,2026-05-27 14:54:50
43,BH26.0977,dathang@email.vn,2026-03-02,BH26_0977.eml,processed,2026-05-27 14:54:50
44,BH26.0978,dathang@email.vn,2026-03-02,BH26_0978.eml,processed,2026-05-27 14:54:50
45,BH26.0979,dathang@email.vn,2026-03-02,BH26_0979.eml,processed,2026-05-27 14:54:50
46,BH26.0980,dathang@email.vn,2026-03-02,BH26_0980.eml,processed,2026-05-27 14:54:50
47,BH26.0981,dathang@email.vn,2026-03-02,BH26_0981.eml,processed,2026-05-27 14:54:50
48,BH26.0982,dathang@email.vn,2026-03-02,BH26_0982.eml,processed,2026-05-27 14:54:50
49,BH26.0983,dathang@email.vn,2026-03-02,BH26_0983.eml,processed,2026-05-27 14:54:50
50,BH26.0984,dathang@email.vn,2026-03-02,BH26_0984.eml,processed,2026-05-27 14:54:50
51,BH26.0985,dathang@email.vn,2026-03-02,BH26_0985.eml,processed,2026-05-27 14:54:50
52,BH26.0986,dathang@email.vn,2026-03-02,BH26_0986.eml,processed,2026-05-27 14:54:50
53,BH26.0987,dathang@email.vn,2026-03-02,BH26_0987.eml,processed,2026-05-27 14:54:50
54,BH26.0988,dathang@email.vn,2026-03-02,BH26_0988.eml,processed,2026-05-27 14:54:50
55,BH26.0989,dathang@email.vn,2026-03-02,BH26_0989.eml,processed,2026-05-27 14:54:50
56,BH26.0990,dathang@email.vn,2026-03-02,BH26_0990.eml,processed,2026-05-27 14:54:50
57,BH26.0991,dathang@email.vn,2026-03-02,BH26_0991.eml,processed,2026-05-27 14:54:50
58,BH26.0992,dathang@email.vn,2026-03-02,BH26_0992.eml,processed,2026-05-27 14:54:50
59,BH26.0993,dathang@email.vn,2026-03-02,BH26_0993.eml,processed,2026-05-27 14:54:50
60,BH26.0994,dathang@email.vn,2026-03-02,BH26_0994.eml,processed,2026-05-27 14:54:50
61,BH26.0995,dathang@email.vn,2026-03-02,BH26_0995.eml,processed,2026-05-27 14:54:50
62,BH26.0996,dathang@email.vn,2026-03-03,BH26_0996.eml,processed,2026-05-27 14:54:50
63,BH26.0997,dathang@email.vn,2026-03-03,BH26_0997.eml,processed,2026-05-27 14:54:50
64,BH26.0998,dathang@email.vn,2026-03-03,BH26_0998.eml,processed,2026-05-27 14:54:50
65,BH26.0999,dathang@email.vn,2026-03-03,BH26_0999.eml,processed,2026-05-27 14:54:50
66,BH26.1000,dathang@email.vn,2026-03-03,BH26_1000.eml,processed,2026-05-27 14:54:50
67,BH26.1001,dathang@email.vn,2026-03-03,BH26_1001.eml,processed,2026-05-27 14:54:50
68,BH26.1002,dathang@email.vn,2026-03-03,BH26_1002.eml,processed,2026-05-27 14:54:50
69,BH26.1003,dathang@email.vn,2026-03-03,BH26_1003.eml,processed,2026-05-27 14:54:50
70,BH26.1004,dathang@email.vn,2026-03-03,BH26_1004.eml,processed,2026-05-27 14:54:50
71,BH26.1005,dathang@email.vn,2026-03-03,BH26_1005.eml,processed,2026-05-27 14:54:50
72,BH26.1006,dathang@email.vn,2026-03-03,BH26_1006.eml,processed,2026-05-27 14:54:50
73,BH26.1007,dathang@email.vn,2026-03-03,BH26_1007.eml,processed,2026-05-27 14:54:50
74,BH26.1008,dathang@email.vn,2026-03-03,BH26_1008.eml,processed,2026-05-27 14:54:50
75,BH26.1009,dathang@email.vn,2026-03-03,BH26_1009.eml,processed,2026-05-27 14:54:50
76,BH26.1010,dathang@email.vn,2026-03-03,BH26_1010.eml,processed,2026-05-27 14:54:50
77,BH26.1011,dathang@email.vn,2026-03-03,BH26_1011.eml,processed,2026-05-27 14:54:50
78,BH26.1012,dathang@email.vn,2026-03-03,BH26_1012.eml,processed,2026-05-27 14:54:50
79,BH26.1013,dathang@email.vn,2026-03-03,BH26_1013.eml,processed,2026-05-27 14:54:50
80,BH26.1014,dathang@email.vn,2026-03-03,BH26_1014.eml,processed,2026-05-27 14:54:50
81,BH26.1015,dathang@email.vn,2026-03-03,BH26_1015.eml,processed,2026-05-27 14:54:50
82,BH26.1016,dathang@email.vn,2026-03-03,BH26_1016.eml,processed,2026-05-27 14:54:50
83,BH26.1017,dathang@email.vn,2026-03-04,BH26_1017.eml,processed,2026-05-27 14:54:50
84,BH26.1018,dathang@email.vn,2026-03-04,BH26_1018.eml,processed,2026-05-27 14:54:50
85,BH26.1019,dathang@email.vn,2026-03-04,BH26_1019.eml,processed,2026-05-27 14:54:50
86,BH26.1020,dathang@email.vn,2026-03-04,BH26_1020.eml,processed,2026-05-27 14:54:50
87,BH26.1021,dathang@email.vn,2026-03-04,BH26_1021.eml,processed,2026-05-27 14:54:50
88,BH26.1022,dathang@email.vn,2026-03-04,BH26_1022.eml,processed,2026-05-27 14:54:50
89,BH26.1023,dathang@email.vn,2026-03-04,BH26_1023.eml,processed,2026-05-27 14:54:50
90,BH26.1024,dathang@email.vn,2026-03-04,BH26_1024.eml,processed,2026-05-27 14:54:50
91,BH26.1025,dathang@email.vn,2026-03-04,BH26_1025.eml,processed,2026-05-27 14:54:50
92,BH26.1026,dathang@email.vn,2026-03-04,BH26_1026.eml,processed,2026-05-27 14:54:50
93,BH26.1027,dathang@email.vn,2026-03-04,BH26_1027.eml,processed,2026-05-27 14:54:50
94,BH26.1028,dathang@email.vn,2026-03-04,BH26_1028.eml,processed,2026-05-27 14:54:50
95,BH26.1029,dathang@email.vn,2026-03-04,BH26_1029.eml,processed,2026-05-27 14:54:50
96,BH26.1030,dathang@email.vn,2026-03-04,BH26_1030.eml,processed,2026-05-27 14:54:50
97,BH26.1031,dathang@email.vn,2026-03-04,BH26_1031.eml,processed,2026-05-27 14:54:50
98,BH26.1032,dathang@email.vn,2026-03-04,BH26_1032.eml,processed,2026-05-27 14:54:50
99,BH26.1033,dathang@email.vn,2026-03-04,BH26_1033.eml,processed,2026-05-27 14:54:50
100,BH26.1034,dathang@email.vn,2026-03-04,BH26_1034.eml,processed,2026-05-27 14:54:50
101,BH26.1035,dathang@email.vn,2026-03-04,BH26_1035.eml,processed,2026-05-27 14:54:50
102,BH26.1036,dathang@email.vn,2026-03-04,BH26_1036.eml,processed,2026-05-27 14:54:50
103,BH26.1037,dathang@email.vn,2026-03-04,BH26_1037.eml,processed,2026-05-27 14:54:50
104,BH26.1038,dathang@email.vn,2026-03-04,BH26_1038.eml,processed,2026-05-27 14:54:50
105,BH26.1039,dathang@email.vn,2026-03-05,BH26_1039.eml,processed,2026-05-27 14:54:50
106,BH26.1040,dathang@email.vn,2026-03-05,BH26_1040.eml,processed,2026-05-27 14:54:50
107,BH26.1041,dathang@email.vn,2026-03-05,BH26_1041.eml,processed,2026-05-27 14:54:50
108,BH26.1042,dathang@email.vn,2026-03-05,BH26_1042.eml,processed,2026-05-27 14:54:50
109,BH26.1043,dathang@email.vn,2026-03-05,BH26_1043.eml,processed,2026-05-27 14:54:50
110,BH26.1044,dathang@email.vn,2026-03-05,BH26_1044.eml,processed,2026-05-27 14:54:50
111,BH26.1045,dathang@email.vn,2026-03-05,BH26_1045.eml,processed,2026-05-27 14:54:50
112,BH26.1046,dathang@email.vn,2026-03-05,BH26_1046.eml,processed,2026-05-27 14:54:50
113,BH26.1047,dathang@email.vn,2026-03-05,BH26_1047.eml,processed,2026-05-27 14:54:50
114,BH26.1048,dathang@email.vn,2026-03-05,BH26_1048.eml,processed,2026-05-27 14:54:50
115,BH26.1049,dathang@email.vn,2026-03-05,BH26_1049.eml,processed,2026-05-27 14:54:50
116,BH26.1050,dathang@email.vn,2026-03-05,BH26_1050.eml,processed,2026-05-27 14:54:50
117,BH26.1051,dathang@email.vn,2026-03-05,BH26_1051.eml,processed,2026-05-27 14:54:50
118,BH26.1052,dathang@email.vn,2026-03-05,BH26_1052.eml,processed,2026-05-27 14:54:50
119,BH26.1053,dathang@email.vn,2026-03-05,BH26_1053.eml,processed,2026-05-27 14:54:50
120,BH26.1054,dathang@email.vn,2026-03-05,BH26_1054.eml,processed,2026-05-27 14:54:50
121,BH26.1055,dathang@email.vn,2026-03-05,BH26_1055.eml,processed,2026-05-27 14:54:50
122,BH26.1056,dathang@email.vn,2026-03-05,BH26_1056.eml,processed,2026-05-27 14:54:50
123,BH26.1057,dathang@email.vn,2026-03-05,BH26_1057.eml,processed,2026-05-27 14:54:50
124,BH26.1058,dathang@email.vn,2026-03-05,BH26_1058.eml,processed,2026-05-27 14:54:50
125,BH26.1059,dathang@email.vn,2026-03-05,BH26_1059.eml,processed,2026-05-27 14:54:50
126,BH26.1060,dathang@email.vn,2026-03-05,BH26_1060.eml,processed,2026-05-27 14:54:50
127,BH26.1061,dathang@email.vn,2026-03-05,BH26_1061.eml,processed,2026-05-27 14:54:50
128,BH26.1062,dathang@email.vn,2026-03-05,BH26_1062.eml,processed,2026-05-27 14:54:50
129,BH26.1063,dathang@email.vn,2026-03-05,BH26_1063.eml,processed,2026-05-27 14:54:50
130,BH26.1064,dathang@email.vn,2026-03-05,BH26_1064.eml,processed,2026-05-27 14:54:50
131,BH26.1065,dathang@email.vn,2026-03-05,BH26_1065.eml,processed,2026-05-27 14:54:50
132,BH26.1066,dathang@email.vn,2026-03-05,BH26_1066.eml,processed,2026-05-27 14:54:50
133,BH26.1067,dathang@email.vn,2026-03-05,BH26_1067.eml,processed,2026-05-27 14:54:50
134,BH26.1068,dathang@email.vn,2026-03-05,BH26_1068.eml,processed,2026-05-27 14:54:50
135,BH26.1069,dathang@email.vn,2026-03-06,BH26_1069.eml,processed,2026-05-27 14:54:50
136,BH26.1070,dathang@email.vn,2026-03-06,BH26_1070.eml,processed,2026-05-27 14:54:50
137,BH26.1071,dathang@email.vn,2026-03-06,BH26_1071.eml,processed,2026-05-27 14:54:50
138,BH26.1072,dathang@email.vn,2026-03-06,BH26_1072.eml,processed,2026-05-27 14:54:50
139,BH26.1073,dathang@email.vn,2026-03-06,BH26_1073.eml,processed,2026-05-27 14:54:50
140,BH26.1074,dathang@email.vn,2026-03-06,BH26_1074.eml,processed,2026-05-27 14:54:50
141,BH26.1075,dathang@email.vn,2026-03-06,BH26_1075.eml,processed,2026-05-27 14:54:50
142,BH26.1076,dathang@email.vn,2026-03-06,BH26_1076.eml,processed,2026-05-27 14:54:50
143,BH26.1077,dathang@email.vn,2026-03-06,BH26_1077.eml,processed,2026-05-27 14:54:50
144,BH26.1078,dathang@email.vn,2026-03-06,BH26_1078.eml,processed,2026-05-27 14:54:50
145,BH26.1079,dathang@email.vn,2026-03-06,BH26_1079.eml,processed,2026-05-27 14:54:50
146,BH26.1080,dathang@email.vn,2026-03-06,BH26_1080.eml,processed,2026-05-27 14:54:50
147,BH26.1081,dathang@email.vn,2026-03-06,BH26_1081.eml,processed,2026-05-27 14:54:50
148,BH26.1082,dathang@email.vn,2026-03-06,BH26_1082.eml,processed,2026-05-27 14:54:50
149,BH26.1083,dathang@email.vn,2026-03-06,BH26_1083.eml,processed,2026-05-27 14:54:50
150,BH26.1084,dathang@email.vn,2026-03-06,BH26_1084.eml,processed,2026-05-27 14:54:50
151,BH26.1085,dathang@email.vn,2026-03-06,BH26_1085.eml,processed,2026-05-27 14:54:50
152,BH26.1086,dathang@email.vn,2026-03-06,BH26_1086.eml,processed,2026-05-27 14:54:50
153,BH26.1087,dathang@email.vn,2026-03-07,BH26_1087.eml,processed,2026-05-27 14:54:50
154,BH26.1088,dathang@email.vn,2026-03-07,BH26_1088.eml,processed,2026-05-27 14:54:50
155,BH26.1089,dathang@email.vn,2026-03-07,BH26_1089.eml,processed,2026-05-27 14:54:50
156,BH26.1090,dathang@email.vn,2026-03-07,BH26_1090.eml,processed,2026-05-27 14:54:50
157,BH26.1091,dathang@email.vn,2026-03-07,BH26_1091.eml,processed,2026-05-27 14:54:50
158,BH26.1092,dathang@email.vn,2026-03-07,BH26_1092.eml,processed,2026-05-27 14:54:50
159,BH26.1093,dathang@email.vn,2026-03-07,BH26_1093.eml,processed,2026-05-27 14:54:50
160,BH26.1094,dathang@email.vn,2026-03-07,BH26_1094.eml,processed,2026-05-27 14:54:50
161,BH26.1095,dathang@email.vn,2026-03-07,BH26_1095.eml,processed,2026-05-27 14:54:50
162,BH26.1096,dathang@email.vn,2026-03-07,BH26_1096.eml,processed,2026-05-27 14:54:50
163,BH26.1097,dathang@email.vn,2026-03-07,BH26_1097.eml,processed,2026-05-27 14:54:50
164,BH26.1098,dathang@email.vn,2026-03-07,BH26_1098.eml,processed,2026-05-27 14:54:50
165,BH26.1099,dathang@email.vn,2026-03-07,BH26_1099.eml,processed,2026-05-27 14:54:50
166,BH26.1100,dathang@email.vn,2026-03-07,BH26_1100.eml,processed,2026-05-27 14:54:50
167,BH26.1101,dathang@email.vn,2026-03-07,BH26_1101.eml,processed,2026-05-27 14:54:50
168,BH26.1102,dathang@email.vn,2026-03-07,BH26_1102.eml,processed,2026-05-27 14:54:50
169,BH26.1103,dathang@email.vn,2026-03-07,BH26_1103.eml,processed,2026-05-27 14:54:50
170,BH26.1104,dathang@email.vn,2026-03-07,BH26_1104.eml,processed,2026-05-27 14:54:50
171,BH26.1105,dathang@email.vn,2026-03-07,BH26_1105.eml,processed,2026-05-27 14:54:50
172,BH26.1106,dathang@email.vn,2026-03-07,BH26_1106.eml,processed,2026-05-27 14:54:50
173,BH26.1107,dathang@email.vn,2026-03-07,BH26_1107.eml,processed,2026-05-27 14:54:50
174,BH26.1108,dathang@email.vn,2026-03-07,BH26_1108.eml,processed,2026-05-27 14:54:50
175,BH26.1109,dathang@email.vn,2026-03-07,BH26_1109.eml,processed,2026-05-27 14:54:50
176,BH26.1110,dathang@email.vn,2026-03-07,BH26_1110.eml,processed,2026-05-27 14:54:50
177,BH26.1111,dathang@email.vn,2026-03-07,BH26_1111.eml,processed,2026-05-27 14:54:50
178,BH26.1112,dathang@email.vn,2026-03-07,BH26_1112.eml,processed,2026-05-27 14:54:50
179,BH26.1113,dathang@email.vn,2026-03-07,BH26_1113.eml,processed,2026-05-27 14:54:50
180,BH26.1114,dathang@email.vn,2026-03-07,BH26_1114.eml,processed,2026-05-27 14:54:50
181,BH26.1115,dathang@email.vn,2026-03-07,BH26_1115.eml,processed,2026-05-27 14:54:50
182,BH26.1116,dathang@email.vn,2026-03-07,BH26_1116.eml,processed,2026-05-27 14:54:50
183,BH26.1117,dathang@email.vn,2026-03-07,BH26_1117.eml,processed,2026-05-27 14:54:50
184,BH26.1118,dathang@email.vn,2026-03-07,BH26_1118.eml,processed,2026-05-27 14:54:50
185,BH26.1119,dathang@email.vn,2026-03-07,BH26_1119.eml,processed,2026-05-27 14:54:50
186,BH26.1120,dathang@email.vn,2026-03-07,BH26_1120.eml,processed,2026-05-27 14:54:50
187,BH26.1121,dathang@email.vn,2026-03-07,BH26_1121.eml,processed,2026-05-27 14:54:50
188,BH26.1122,dathang@email.vn,2026-03-07,BH26_1122.eml,processed,2026-05-27 14:54:50
189,BH26.1123,dathang@email.vn,2026-03-07,BH26_1123.eml,processed,2026-05-27 14:54:50
190,BH26.1124,dathang@email.vn,2026-03-07,BH26_1124.eml,processed,2026-05-27 14:54:50
191,BH26.1125,dathang@email.vn,2026-03-08,BH26_1125.eml,processed,2026-05-27 14:54:50
192,BH26.1126,dathang@email.vn,2026-03-09,BH26_1126.eml,processed,2026-05-27 14:54:50
193,BH26.1127,dathang@email.vn,2026-03-09,BH26_1127.eml,processed,2026-05-27 14:54:50
194,BH26.1128,dathang@email.vn,2026-03-09,BH26_1128.eml,processed,2026-05-27 14:54:50
195,BH26.1129,dathang@email.vn,2026-03-09,BH26_1129.eml,processed,2026-05-27 14:54:50
196,BH26.1130,dathang@email.vn,2026-03-09,BH26_1130.eml,processed,2026-05-27 14:54:50
197,BH26.1131,dathang@email.vn,2026-03-09,BH26_1131.eml,processed,2026-05-27 14:54:50
198,BH26.1132,dathang@email.vn,2026-03-09,BH26_1132.eml,processed,2026-05-27 14:54:50
199,BH26.1133,dathang@email.vn,2026-03-09,BH26_1133.eml,processed,2026-05-27 14:54:50
200,BH26.1134,dathang@email.vn,2026-03-09,BH26_1134.eml,processed,2026-05-27 14:54:50
201,BH26.1135,dathang@email.vn,2026-03-09,BH26_1135.eml,processed,2026-05-27 14:54:50
202,BH26.1136,dathang@email.vn,2026-03-09,BH26_1136.eml,processed,2026-05-27 14:54:50
203,BH26.1137,dathang@email.vn,2026-03-09,BH26_1137.eml,processed,2026-05-27 14:54:50
204,BH26.1138,dathang@email.vn,2026-03-09,BH26_1138.eml,processed,2026-05-27 14:54:50
205,BH26.1139,dathang@email.vn,2026-03-09,BH26_1139.eml,processed,2026-05-27 14:54:50
206,BH26.1140,dathang@email.vn,2026-03-09,BH26_1140.eml,processed,2026-05-27 14:54:50
207,BH26.1141,dathang@email.vn,2026-03-09,BH26_1141.eml,processed,2026-05-27 14:54:50
208,BH26.1142,dathang@email.vn,2026-03-09,BH26_1142.eml,processed,2026-05-27 14:54:50
209,BH26.1143,dathang@email.vn,2026-03-09,BH26_1143.eml,processed,2026-05-27 14:54:50
210,BH26.1144,dathang@email.vn,2026-03-09,BH26_1144.eml,processed,2026-05-27 14:54:50
211,BH26.1145,dathang@email.vn,2026-03-09,BH26_1145.eml,processed,2026-05-27 14:54:50
212,BH26.1146,dathang@email.vn,2026-03-09,BH26_1146.eml,processed,2026-05-27 14:54:50
213,BH26.1147,dathang@email.vn,2026-03-09,BH26_1147.eml,processed,2026-05-27 14:54:50
214,BH26.1148,dathang@email.vn,2026-03-09,BH26_1148.eml,processed,2026-05-27 14:54:50
215,BH26.1149,dathang@email.vn,2026-03-09,BH26_1149.eml,processed,2026-05-27 14:54:50
216,BH26.1150,dathang@email.vn,2026-03-09,BH26_1150.eml,processed,2026-05-27 14:54:50
217,BH26.1151,dathang@email.vn,2026-03-09,BH26_1151.eml,processed,2026-05-27 14:54:50
218,BH26.1152,dathang@email.vn,2026-03-09,BH26_1152.eml,processed,2026-05-27 14:54:50
219,BH26.1153,dathang@email.vn,2026-03-09,BH26_1153.eml,processed,2026-05-27 14:54:50
220,BH26.1154,dathang@email.vn,2026-03-09,BH26_1154.eml,processed,2026-05-27 14:54:50
221,BH26.1155,dathang@email.vn,2026-03-09,BH26_1155.eml,processed,2026-05-27 14:54:50
222,BH26.1156,dathang@email.vn,2026-03-09,BH26_1156.eml,processed,2026-05-27 14:54:50
223,BH26.1157,dathang@email.vn,2026-03-09,BH26_1157.eml,processed,2026-05-27 14:54:50
224,BH26.1158,dathang@email.vn,2026-03-09,BH26_1158.eml,processed,2026-05-27 14:54:50
225,BH26.1159,dathang@email.vn,2026-03-09,BH26_1159.eml,processed,2026-05-27 14:54:50
226,BH26.1160,dathang@email.vn,2026-03-09,BH26_1160.eml,processed,2026-05-27 14:54:50
227,BH26.1161,dathang@email.vn,2026-03-09,BH26_1161.eml,processed,2026-05-27 14:54:50
228,BH26.1162,dathang@email.vn,2026-03-09,BH26_1162.eml,processed,2026-05-27 14:54:50
229,BH26.1163,dathang@email.vn,2026-03-09,BH26_1163.eml,processed,2026-05-27 14:54:50
230,BH26.1164,dathang@email.vn,2026-03-09,BH26_1164.eml,processed,2026-05-27 14:54:50
231,BH26.1165,dathang@email.vn,2026-03-09,BH26_1165.eml,processed,2026-05-27 14:54:50
232,BH26.1166,dathang@email.vn,2026-03-09,BH26_1166.eml,processed,2026-05-27 14:54:50
233,BH26.1167,dathang@email.vn,2026-03-09,BH26_1167.eml,processed,2026-05-27 14:54:50
234,BH26.1168,dathang@email.vn,2026-03-09,BH26_1168.eml,processed,2026-05-27 14:54:50
235,BH26.1169,dathang@email.vn,2026-03-09,BH26_1169.eml,processed,2026-05-27 14:54:50
236,BH26.1170,dathang@email.vn,2026-03-09,BH26_1170.eml,processed,2026-05-27 14:54:50
237,BH26.1171,dathang@email.vn,2026-03-09,BH26_1171.eml,processed,2026-05-27 14:54:50
238,BH26.1172,dathang@email.vn,2026-03-09,BH26_1172.eml,processed,2026-05-27 14:54:50
239,BH26.1173,dathang@email.vn,2026-03-09,BH26_1173.eml,processed,2026-05-27 14:54:50
240,BH26.1174,dathang@email.vn,2026-03-09,BH26_1174.eml,processed,2026-05-27 14:54:50
241,BH26.1175,dathang@email.vn,2026-03-09,BH26_1175.eml,processed,2026-05-27 14:54:50
242,BH26.1176,dathang@email.vn,2026-03-10,BH26_1176.eml,processed,2026-05-27 14:54:50
243,BH26.1177,dathang@email.vn,2026-03-10,BH26_1177.eml,processed,2026-05-27 14:54:50
244,BH26.1178,dathang@email.vn,2026-03-10,BH26_1178.eml,processed,2026-05-27 14:54:50
245,BH26.1179,dathang@email.vn,2026-03-10,BH26_1179.eml,processed,2026-05-27 14:54:50
246,BH26.1180,dathang@email.vn,2026-03-10,BH26_1180.eml,processed,2026-05-27 14:54:50
247,BH26.1181,dathang@email.vn,2026-03-10,BH26_1181.eml,processed,2026-05-27 14:54:50
248,BH26.1182,dathang@email.vn,2026-03-10,BH26_1182.eml,processed,2026-05-27 14:54:50
249,BH26.1183,dathang@email.vn,2026-03-10,BH26_1183.eml,processed,2026-05-27 14:54:50
250,BH26.1184,dathang@email.vn,2026-03-10,BH26_1184.eml,processed,2026-05-27 14:54:50
251,BH26.1185,dathang@email.vn,2026-03-10,BH26_1185.eml,processed,2026-05-27 14:54:50
252,BH26.1186,dathang@email.vn,2026-03-10,BH26_1186.eml,processed,2026-05-27 14:54:50
253,BH26.1187,dathang@email.vn,2026-03-10,BH26_1187.eml,processed,2026-05-27 14:54:50
254,BH26.1188,dathang@email.vn,2026-03-10,BH26_1188.eml,processed,2026-05-27 14:54:50
255,BH26.1189,dathang@email.vn,2026-03-10,BH26_1189.eml,processed,2026-05-27 14:54:50
256,BH26.1190,dathang@email.vn,2026-03-10,BH26_1190.eml,processed,2026-05-27 14:54:50
257,BH26.1191,dathang@email.vn,2026-03-10,BH26_1191.eml,processed,2026-05-27 14:54:50
258,BH26.1192,dathang@email.vn,2026-03-10,BH26_1192.eml,processed,2026-05-27 14:54:50
259,BH26.1193,dathang@email.vn,2026-03-10,BH26_1193.eml,processed,2026-05-27 14:54:50
260,BH26.1194,dathang@email.vn,2026-03-10,BH26_1194.eml,processed,2026-05-27 14:54:50
261,BH26.1195,dathang@email.vn,2026-03-10,BH26_1195.eml,processed,2026-05-27 14:54:50
262,BH26.1196,dathang@email.vn,2026-03-10,BH26_1196.eml,processed,2026-05-27 14:54:50
263,BH26.1197,dathang@email.vn,2026-03-10,BH26_1197.eml,processed,2026-05-27 14:54:50
264,BH26.1198,dathang@email.vn,2026-03-10,BH26_1198.eml,processed,2026-05-27 14:54:50
265,BH26.1199,dathang@email.vn,2026-03-10,BH26_1199.eml,processed,2026-05-27 14:54:50
266,BH26.1200,dathang@email.vn,2026-03-10,BH26_1200.eml,processed,2026-05-27 14:54:50
267,BH26.1201,dathang@email.vn,2026-03-10,BH26_1201.eml,processed,2026-05-27 14:54:50
268,BH26.1202,dathang@email.vn,2026-03-11,BH26_1202.eml,processed,2026-05-27 14:54:50
269,BH26.1203,dathang@email.vn,2026-03-11,BH26_1203.eml,processed,2026-05-27 14:54:50
270,BH26.1204,dathang@email.vn,2026-03-11,BH26_1204.eml,processed,2026-05-27 14:54:50
271,BH26.1205,dathang@email.vn,2026-03-11,BH26_1205.eml,processed,2026-05-27 14:54:50
272,BH26.1206,dathang@email.vn,2026-03-11,BH26_1206.eml,processed,2026-05-27 14:54:50
273,BH26.1207,dathang@email.vn,2026-03-11,BH26_1207.eml,processed,2026-05-27 14:54:50
274,BH26.1208,dathang@email.vn,2026-03-11,BH26_1208.eml,processed,2026-05-27 14:54:50
275,BH26.1209,dathang@email.vn,2026-03-11,BH26_1209.eml,processed,2026-05-27 14:54:50
276,BH26.1210,dathang@email.vn,2026-03-11,BH26_1210.eml,processed,2026-05-27 14:54:50
277,BH26.1211,dathang@email.vn,2026-03-11,BH26_1211.eml,processed,2026-05-27 14:54:50
278,BH26.1212,dathang@email.vn,2026-03-11,BH26_1212.eml,processed,2026-05-27 14:54:50
279,BH26.1213,dathang@email.vn,2026-03-11,BH26_1213.eml,processed,2026-05-27 14:54:50
280,BH26.1214,dathang@email.vn,2026-03-11,BH26_1214.eml,processed,2026-05-27 14:54:50
281,BH26.1215,dathang@email.vn,2026-03-11,BH26_1215.eml,processed,2026-05-27 14:54:50
282,BH26.1216,dathang@email.vn,2026-03-11,BH26_1216.eml,processed,2026-05-27 14:54:50
283,BH26.1217,dathang@email.vn,2026-03-11,BH26_1217.eml,processed,2026-05-27 14:54:50
284,BH26.1218,dathang@email.vn,2026-03-11,BH26_1218.eml,processed,2026-05-27 14:54:50
285,BH26.1219,dathang@email.vn,2026-03-11,BH26_1219.eml,processed,2026-05-27 14:54:50
286,BH26.1220,dathang@email.vn,2026-03-11,BH26_1220.eml,processed,2026-05-27 14:54:50
287,BH26.1221,dathang@email.vn,2026-03-11,BH26_1221.eml,processed,2026-05-27 14:54:50
288,BH26.1222,dathang@email.vn,2026-03-11,BH26_1222.eml,processed,2026-05-27 14:54:50
289,BH26.1223,dathang@email.vn,2026-03-11,BH26_1223.eml,processed,2026-05-27 14:54:50
290,BH26.1224,dathang@email.vn,2026-03-11,BH26_1224.eml,processed,2026-05-27 14:54:50
291,BH26.1225,dathang@email.vn,2026-03-11,BH26_1225.eml,processed,2026-05-27 14:54:50
292,BH26.1226,dathang@email.vn,2026-03-11,BH26_1226.eml,processed,2026-05-27 14:54:50
293,BH26.1227,dathang@email.vn,2026-03-11,BH26_1227.eml,processed,2026-05-27 14:54:50
294,BH26.1228,dathang@email.vn,2026-03-11,BH26_1228.eml,processed,2026-05-27 14:54:50
295,BH26.1229,dathang@email.vn,2026-03-11,BH26_1229.eml,processed,2026-05-27 14:54:50
296,BH26.1230,dathang@email.vn,2026-03-11,BH26_1230.eml,processed,2026-05-27 14:54:50
297,BH26.1231,dathang@email.vn,2026-03-11,BH26_1231.eml,processed,2026-05-27 14:54:50
298,BH26.1232,dathang@email.vn,2026-03-11,BH26_1232.eml,processed,2026-05-27 14:54:50
299,BH26.1233,dathang@email.vn,2026-03-11,BH26_1233.eml,processed,2026-05-27 14:54:50
300,BH26.1234,dathang@email.vn,2026-03-11,BH26_1234.eml,processed,2026-05-27 14:54:50
301,BH26.1235,dathang@email.vn,2026-03-12,BH26_1235.eml,processed,2026-05-27 14:54:50
302,BH26.1236,dathang@email.vn,2026-03-12,BH26_1236.eml,processed,2026-05-27 14:54:50
303,BH26.1237,dathang@email.vn,2026-03-12,BH26_1237.eml,processed,2026-05-27 14:54:50
304,BH26.1238,dathang@email.vn,2026-03-12,BH26_1238.eml,processed,2026-05-27 14:54:50
305,BH26.1239,dathang@email.vn,2026-03-12,BH26_1239.eml,processed,2026-05-27 14:54:50
306,BH26.1240,dathang@email.vn,2026-03-12,BH26_1240.eml,processed,2026-05-27 14:54:50
307,BH26.1241,dathang@email.vn,2026-03-12,BH26_1241.eml,processed,2026-05-27 14:54:50
308,BH26.1242,dathang@email.vn,2026-03-12,BH26_1242.eml,processed,2026-05-27 14:54:50
309,BH26.1243,dathang@email.vn,2026-03-12,BH26_1243.eml,processed,2026-05-27 14:54:50
310,BH26.1244,dathang@email.vn,2026-03-12,BH26_1244.eml,processed,2026-05-27 14:54:50
311,BH26.1245,dathang@email.vn,2026-03-12,BH26_1245.eml,processed,2026-05-27 14:54:50
312,BH26.1246,dathang@email.vn,2026-03-12,BH26_1246.eml,processed,2026-05-27 14:54:50
313,BH26.1247,dathang@email.vn,2026-03-12,BH26_1247.eml,processed,2026-05-27 14:54:50
314,BH26.1248,dathang@email.vn,2026-03-12,BH26_1248.eml,processed,2026-05-27 14:54:50
315,BH26.1249,dathang@email.vn,2026-03-12,BH26_1249.eml,processed,2026-05-27 14:54:50
316,BH26.1250,dathang@email.vn,2026-03-12,BH26_1250.eml,processed,2026-05-27 14:54:50
317,BH26.1251,dathang@email.vn,2026-03-12,BH26_1251.eml,processed,2026-05-27 14:54:50
318,BH26.1252,dathang@email.vn,2026-03-12,BH26_1252.eml,processed,2026-05-27 14:54:50
319,BH26.1253,dathang@email.vn,2026-03-12,BH26_1253.eml,processed,2026-05-27 14:54:50
320,BH26.1254,dathang@email.vn,2026-03-12,BH26_1254.eml,processed,2026-05-27 14:54:50
321,BH26.1255,dathang@email.vn,2026-03-12,BH26_1255.eml,processed,2026-05-27 14:54:50
322,BH26.1256,dathang@email.vn,2026-03-12,BH26_1256.eml,processed,2026-05-27 14:54:50
323,BH26.1257,dathang@email.vn,2026-03-12,BH26_1257.eml,processed,2026-05-27 14:54:50
324,BH26.1258,dathang@email.vn,2026-03-12,BH26_1258.eml,processed,2026-05-27 14:54:50
325,BH26.1259,dathang@email.vn,2026-03-12,BH26_1259.eml,processed,2026-05-27 14:54:50
326,BH26.1260,dathang@email.vn,2026-03-12,BH26_1260.eml,processed,2026-05-27 14:54:50
327,BH26.1261,dathang@email.vn,2026-03-12,BH26_1261.eml,processed,2026-05-27 14:54:50
328,BH26.1262,dathang@email.vn,2026-03-12,BH26_1262.eml,processed,2026-05-27 14:54:50
329,BH26.1263,dathang@email.vn,2026-03-12,BH26_1263.eml,processed,2026-05-27 14:54:50
330,BH26.1264,dathang@email.vn,2026-03-12,BH26_1264.eml,processed,2026-05-27 14:54:50
331,BH26.1265,dathang@email.vn,2026-03-13,BH26_1265.eml,processed,2026-05-27 14:54:50
332,BH26.1266,dathang@email.vn,2026-03-13,BH26_1266.eml,processed,2026-05-27 14:54:50
333,BH26.1267,dathang@email.vn,2026-03-13,BH26_1267.eml,processed,2026-05-27 14:54:50
334,BH26.1268,dathang@email.vn,2026-03-13,BH26_1268.eml,processed,2026-05-27 14:54:50
335,BH26.1269,dathang@email.vn,2026-03-13,BH26_1269.eml,processed,2026-05-27 14:54:50
336,BH26.1270,dathang@email.vn,2026-03-13,BH26_1270.eml,processed,2026-05-27 14:54:50
337,BH26.1271,dathang@email.vn,2026-03-13,BH26_1271.eml,processed,2026-05-27 14:54:50
338,BH26.1272,dathang@email.vn,2026-03-13,BH26_1272.eml,processed,2026-05-27 14:54:50
339,BH26.1273,dathang@email.vn,2026-03-13,BH26_1273.eml,processed,2026-05-27 14:54:50
340,BH26.1274,dathang@email.vn,2026-03-13,BH26_1274.eml,processed,2026-05-27 14:54:50
341,BH26.1275,dathang@email.vn,2026-03-13,BH26_1275.eml,processed,2026-05-27 14:54:50
342,BH26.1276,dathang@email.vn,2026-03-13,BH26_1276.eml,processed,2026-05-27 14:54:50
343,BH26.1277,dathang@email.vn,2026-03-13,BH26_1277.eml,processed,2026-05-27 14:54:50
344,BH26.1278,dathang@email.vn,2026-03-13,BH26_1278.eml,processed,2026-05-27 14:54:50
345,BH26.1279,dathang@email.vn,2026-03-13,BH26_1279.eml,processed,2026-05-27 14:54:50
346,BH26.1280,dathang@email.vn,2026-03-13,BH26_1280.eml,processed,2026-05-27 14:54:50
347,BH26.1281,dathang@email.vn,2026-03-13,BH26_1281.eml,processed,2026-05-27 14:54:50
348,BH26.1282,dathang@email.vn,2026-03-13,BH26_1282.eml,processed,2026-05-27 14:54:50
349,BH26.1283,dathang@email.vn,2026-03-13,BH26_1283.eml,processed,2026-05-27 14:54:50
350,BH26.1284,dathang@email.vn,2026-03-13,BH26_1284.eml,processed,2026-05-27 14:54:50
351,BH26.1285,dathang@email.vn,2026-03-13,BH26_1285.eml,processed,2026-05-27 14:54:50
352,BH26.1286,dathang@email.vn,2026-03-13,BH26_1286.eml,processed,2026-05-27 14:54:50
353,BH26.1287,dathang@email.vn,2026-03-13,BH26_1287.eml,processed,2026-05-27 14:54:50
354,BH26.1288,dathang@email.vn,2026-03-13,BH26_1288.eml,processed,2026-05-27 14:54:50
355,BH26.1289,dathang@email.vn,2026-03-13,BH26_1289.eml,processed,2026-05-27 14:54:50
356,BH26.1290,dathang@email.vn,2026-03-13,BH26_1290.eml,processed,2026-05-27 14:54:50
357,BH26.1291,dathang@email.vn,2026-03-13,BH26_1291.eml,processed,2026-05-27 14:54:50
358,BH26.1292,dathang@email.vn,2026-03-13,BH26_1292.eml,processed,2026-05-27 14:54:50
359,BH26.1293,dathang@email.vn,2026-03-13,BH26_1293.eml,processed,2026-05-27 14:54:50
360,BH26.1294,dathang@email.vn,2026-03-14,BH26_1294.eml,processed,2026-05-27 14:54:50
361,BH26.1295,dathang@email.vn,2026-03-14,BH26_1295.eml,processed,2026-05-27 14:54:50
362,BH26.1296,dathang@email.vn,2026-03-14,BH26_1296.eml,processed,2026-05-27 14:54:50
363,BH26.1297,dathang@email.vn,2026-03-14,BH26_1297.eml,processed,2026-05-27 14:54:50
364,BH26.1298,dathang@email.vn,2026-03-14,BH26_1298.eml,processed,2026-05-27 14:54:50
365,BH26.1299,dathang@email.vn,2026-03-14,BH26_1299.eml,processed,2026-05-27 14:54:50
366,BH26.1300,dathang@email.vn,2026-03-14,BH26_1300.eml,processed,2026-05-27 14:54:50
367,BH26.1301,dathang@email.vn,2026-03-14,BH26_1301.eml,processed,2026-05-27 14:54:50
368,BH26.1302,dathang@email.vn,2026-03-14,BH26_1302.eml,processed,2026-05-27 14:54:50
369,BH26.1303,dathang@email.vn,2026-03-14,BH26_1303.eml,processed,2026-05-27 14:54:50
370,BH26.1304,dathang@email.vn,2026-03-14,BH26_1304.eml,processed,2026-05-27 14:54:50
371,BH26.1305,dathang@email.vn,2026-03-14,BH26_1305.eml,processed,2026-05-27 14:54:50
372,BH26.1306,dathang@email.vn,2026-03-14,BH26_1306.eml,processed,2026-05-27 14:54:50
373,BH26.1307,dathang@email.vn,2026-03-14,BH26_1307.eml,processed,2026-05-27 14:54:50
374,BH26.1308,dathang@email.vn,2026-03-14,BH26_1308.eml,processed,2026-05-27 14:54:50
375,BH26.1309,dathang@email.vn,2026-03-14,BH26_1309.eml,processed,2026-05-27 14:54:50
376,BH26.1310,dathang@email.vn,2026-03-14,BH26_1310.eml,processed,2026-05-27 14:54:50
377,BH26.1311,dathang@email.vn,2026-03-14,BH26_1311.eml,processed,2026-05-27 14:54:50
378,BH26.1312,dathang@email.vn,2026-03-14,BH26_1312.eml,processed,2026-05-27 14:54:50
379,BH26.1313,dathang@email.vn,2026-03-14,BH26_1313.eml,processed,2026-05-27 14:54:50
380,BH26.1314,dathang@email.vn,2026-03-14,BH26_1314.eml,processed,2026-05-27 14:54:50
381,BH26.1315,dathang@email.vn,2026-03-14,BH26_1315.eml,processed,2026-05-27 14:54:50
382,BH26.1316,dathang@email.vn,2026-03-14,BH26_1316.eml,processed,2026-05-27 14:54:50
383,BH26.1317,dathang@email.vn,2026-03-14,BH26_1317.eml,processed,2026-05-27 14:54:50
384,BH26.1318,dathang@email.vn,2026-03-14,BH26_1318.eml,processed,2026-05-27 14:54:50
385,BH26.1319,dathang@email.vn,2026-03-14,BH26_1319.eml,processed,2026-05-27 14:54:50
386,BH26.1320,dathang@email.vn,2026-03-14,BH26_1320.eml,processed,2026-05-27 14:54:50
387,BH26.1321,dathang@email.vn,2026-03-14,BH26_1321.eml,processed,2026-05-27 14:54:50
388,BH26.1322,dathang@email.vn,2026-03-14,BH26_1322.eml,processed,2026-05-27 14:54:50
389,BH26.1323,dathang@email.vn,2026-03-14,BH26_1323.eml,processed,2026-05-27 14:54:50
390,BH26.1324,dathang@email.vn,2026-03-14,BH26_1324.eml,processed,2026-05-27 14:54:50
391,BH26.1325,dathang@email.vn,2026-03-14,BH26_1325.eml,processed,2026-05-27 14:54:50
392,BH26.1326,dathang@email.vn,2026-03-14,BH26_1326.eml,processed,2026-05-27 14:54:50
393,BH26.1327,dathang@email.vn,2026-03-14,BH26_1327.eml,processed,2026-05-27 14:54:50
394,BH26.1328,dathang@email.vn,2026-03-14,BH26_1328.eml,processed,2026-05-27 14:54:50
395,BH26.1329,dathang@email.vn,2026-03-14,BH26_1329.eml,processed,2026-05-27 14:54:50
396,BH26.1330,dathang@email.vn,2026-03-14,BH26_1330.eml,processed,2026-05-27 14:54:50
397,BH26.1331,dathang@email.vn,2026-03-14,BH26_1331.eml,processed,2026-05-27 14:54:50
398,BH26.1332,dathang@email.vn,2026-03-14,BH26_1332.eml,processed,2026-05-27 14:54:50
399,BH26.1333,dathang@email.vn,2026-03-15,BH26_1333.eml,processed,2026-05-27 14:54:50
400,BH26.1334,dathang@email.vn,2026-03-15,BH26_1334.eml,processed,2026-05-27 14:54:50
401,BH26.1335,dathang@email.vn,2026-03-16,BH26_1335.eml,processed,2026-05-27 14:54:50
402,BH26.1336,dathang@email.vn,2026-03-16,BH26_1336.eml,processed,2026-05-27 14:54:50
403,BH26.1337,dathang@email.vn,2026-03-16,BH26_1337.eml,processed,2026-05-27 14:54:50
404,BH26.1338,dathang@email.vn,2026-03-16,BH26_1338.eml,processed,2026-05-27 14:54:50
405,BH26.1339,dathang@email.vn,2026-03-16,BH26_1339.eml,processed,2026-05-27 14:54:50
406,BH26.1340,dathang@email.vn,2026-03-16,BH26_1340.eml,processed,2026-05-27 14:54:50
407,BH26.1341,dathang@email.vn,2026-03-16,BH26_1341.eml,processed,2026-05-27 14:54:50
408,BH26.1342,dathang@email.vn,2026-03-16,BH26_1342.eml,processed,2026-05-27 14:54:50
409,BH26.1343,dathang@email.vn,2026-03-16,BH26_1343.eml,processed,2026-05-27 14:54:50
410,BH26.1344,dathang@email.vn,2026-03-16,BH26_1344.eml,processed,2026-05-27 14:54:50
411,BH26.1345,dathang@email.vn,2026-03-16,BH26_1345.eml,processed,2026-05-27 14:54:50
412,BH26.1346,dathang@email.vn,2026-03-16,BH26_1346.eml,processed,2026-05-27 14:54:50
413,BH26.1347,dathang@email.vn,2026-03-16,BH26_1347.eml,processed,2026-05-27 14:54:50
414,BH26.1348,dathang@email.vn,2026-03-16,BH26_1348.eml,processed,2026-05-27 14:54:50
415,BH26.1349,dathang@email.vn,2026-03-16,BH26_1349.eml,processed,2026-05-27 14:54:50
416,BH26.1350,dathang@email.vn,2026-03-16,BH26_1350.eml,processed,2026-05-27 14:54:50
417,BH26.1351,dathang@email.vn,2026-03-16,BH26_1351.eml,processed,2026-05-27 14:54:50
418,BH26.1352,dathang@email.vn,2026-03-16,BH26_1352.eml,processed,2026-05-27 14:54:50
419,BH26.1353,dathang@email.vn,2026-03-16,BH26_1353.eml,processed,2026-05-27 14:54:50
420,BH26.1354,dathang@email.vn,2026-03-16,BH26_1354.eml,processed,2026-05-27 14:54:50
421,BH26.1355,dathang@email.vn,2026-03-16,BH26_1355.eml,processed,2026-05-27 14:54:50
422,BH26.1356,dathang@email.vn,2026-03-16,BH26_1356.eml,processed,2026-05-27 14:54:50
423,BH26.1357,dathang@email.vn,2026-03-16,BH26_1357.eml,processed,2026-05-27 14:54:50
424,BH26.1358,dathang@email.vn,2026-03-16,BH26_1358.eml,processed,2026-05-27 14:54:50
425,BH26.1359,dathang@email.vn,2026-03-16,BH26_1359.eml,processed,2026-05-27 14:54:50
426,BH26.1360,dathang@email.vn,2026-03-16,BH26_1360.eml,processed,2026-05-27 14:54:50
427,BH26.1361,dathang@email.vn,2026-03-16,BH26_1361.eml,processed,2026-05-27 14:54:50
428,BH26.1362,dathang@email.vn,2026-03-16,BH26_1362.eml,processed,2026-05-27 14:54:50
429,BH26.1363,dathang@email.vn,2026-03-16,BH26_1363.eml,processed,2026-05-27 14:54:50
430,BH26.1364,dathang@email.vn,2026-03-16,BH26_1364.eml,processed,2026-05-27 14:54:50
431,BH26.1365,dathang@email.vn,2026-03-16,BH26_1365.eml,processed,2026-05-27 14:54:50
432,BH26.1366,dathang@email.vn,2026-03-16,BH26_1366.eml,processed,2026-05-27 14:54:50
433,BH26.1367,dathang@email.vn,2026-03-16,BH26_1367.eml,processed,2026-05-27 14:54:50
434,BH26.1368,dathang@email.vn,2026-03-16,BH26_1368.eml,processed,2026-05-27 14:54:50
435,BH26.1369,dathang@email.vn,2026-03-16,BH26_1369.eml,processed,2026-05-27 14:54:50
436,BH26.1370,dathang@email.vn,2026-03-16,BH26_1370.eml,processed,2026-05-27 14:54:50
437,BH26.1371,dathang@email.vn,2026-03-16,BH26_1371.eml,processed,2026-05-27 14:54:50
438,BH26.1372,dathang@email.vn,2026-03-16,BH26_1372.eml,processed,2026-05-27 14:54:50
439,BH26.1373,dathang@email.vn,2026-03-16,BH26_1373.eml,processed,2026-05-27 14:54:50
440,BH26.1374,dathang@email.vn,2026-03-16,BH26_1374.eml,processed,2026-05-27 14:54:50
441,BH26.1375,dathang@email.vn,2026-03-16,BH26_1375.eml,processed,2026-05-27 14:54:50
442,BH26.1376,dathang@email.vn,2026-03-16,BH26_1376.eml,processed,2026-05-27 14:54:50
443,BH26.1377,dathang@email.vn,2026-03-16,BH26_1377.eml,processed,2026-05-27 14:54:50
444,BH26.1378,dathang@email.vn,2026-03-17,BH26_1378.eml,processed,2026-05-27 14:54:50
445,BH26.1379,dathang@email.vn,2026-03-17,BH26_1379.eml,processed,2026-05-27 14:54:50
446,BH26.1380,dathang@email.vn,2026-03-17,BH26_1380.eml,processed,2026-05-27 14:54:50
447,BH26.1381,dathang@email.vn,2026-03-17,BH26_1381.eml,processed,2026-05-27 14:54:50
448,BH26.1382,dathang@email.vn,2026-03-17,BH26_1382.eml,processed,2026-05-27 14:54:50
449,BH26.1383,dathang@email.vn,2026-03-17,BH26_1383.eml,processed,2026-05-27 14:54:50
450,BH26.1384,dathang@email.vn,2026-03-17,BH26_1384.eml,processed,2026-05-27 14:54:50
451,BH26.1385,dathang@email.vn,2026-03-17,BH26_1385.eml,processed,2026-05-27 14:54:50
452,BH26.1386,dathang@email.vn,2026-03-17,BH26_1386.eml,processed,2026-05-27 14:54:50
453,BH26.1387,dathang@email.vn,2026-03-17,BH26_1387.eml,processed,2026-05-27 14:54:50
454,BH26.1388,dathang@email.vn,2026-03-17,BH26_1388.eml,processed,2026-05-27 14:54:50
455,BH26.1389,dathang@email.vn,2026-03-17,BH26_1389.eml,processed,2026-05-27 14:54:50
456,BH26.1390,dathang@email.vn,2026-03-17,BH26_1390.eml,processed,2026-05-27 14:54:50
457,BH26.1391,dathang@email.vn,2026-03-17,BH26_1391.eml,processed,2026-05-27 14:54:50
458,BH26.1392,dathang@email.vn,2026-03-17,BH26_1392.eml,processed,2026-05-27 14:54:50
459,BH26.1393,dathang@email.vn,2026-03-17,BH26_1393.eml,processed,2026-05-27 14:54:50
460,BH26.1394,dathang@email.vn,2026-03-18,BH26_1394.eml,processed,2026-05-27 14:54:50
461,BH26.1395,dathang@email.vn,2026-03-18,BH26_1395.eml,processed,2026-05-27 14:54:50
462,BH26.1396,dathang@email.vn,2026-03-18,BH26_1396.eml,processed,2026-05-27 14:54:50
463,BH26.1397,dathang@email.vn,2026-03-18,BH26_1397.eml,processed,2026-05-27 14:54:50
464,BH26.1398,dathang@email.vn,2026-03-18,BH26_1398.eml,processed,2026-05-27 14:54:50
465,BH26.1399,dathang@email.vn,2026-03-18,BH26_1399.eml,processed,2026-05-27 14:54:50
466,BH26.1400,dathang@email.vn,2026-03-18,BH26_1400.eml,processed,2026-05-27 14:54:50
467,BH26.1401,dathang@email.vn,2026-03-18,BH26_1401.eml,processed,2026-05-27 14:54:50
468,BH26.1402,dathang@email.vn,2026-03-18,BH26_1402.eml,processed,2026-05-27 14:54:50
469,BH26.1403,dathang@email.vn,2026-03-18,BH26_1403.eml,processed,2026-05-27 14:54:50
470,BH26.1404,dathang@email.vn,2026-03-18,BH26_1404.eml,processed,2026-05-27 14:54:50
471,BH26.1405,dathang@email.vn,2026-03-18,BH26_1405.eml,processed,2026-05-27 14:54:50
472,BH26.1406,dathang@email.vn,2026-03-18,BH26_1406.eml,processed,2026-05-27 14:54:50
473,BH26.1407,dathang@email.vn,2026-03-18,BH26_1407.eml,processed,2026-05-27 14:54:50
474,BH26.1408,dathang@email.vn,2026-03-18,BH26_1408.eml,processed,2026-05-27 14:54:50
475,BH26.1409,dathang@email.vn,2026-03-18,BH26_1409.eml,processed,2026-05-27 14:54:50
476,BH26.1410,dathang@email.vn,2026-03-18,BH26_1410.eml,processed,2026-05-27 14:54:50
477,BH26.1411,dathang@email.vn,2026-03-18,BH26_1411.eml,processed,2026-05-27 14:54:50
478,BH26.1412,dathang@email.vn,2026-03-18,BH26_1412.eml,processed,2026-05-27 14:54:50
479,BH26.1413,dathang@email.vn,2026-03-18,BH26_1413.eml,processed,2026-05-27 14:54:50
480,BH26.1414,dathang@email.vn,2026-03-18,BH26_1414.eml,processed,2026-05-27 14:54:50
481,BH26.1415,dathang@email.vn,2026-03-18,BH26_1415.eml,processed,2026-05-27 14:54:50
482,BH26.1416,dathang@email.vn,2026-03-18,BH26_1416.eml,processed,2026-05-27 14:54:50
483,BH26.1417,dathang@email.vn,2026-03-18,BH26_1417.eml,processed,2026-05-27 14:54:50
484,BH26.1418,dathang@email.vn,2026-03-18,BH26_1418.eml,processed,2026-05-27 14:54:50
485,BH26.1419,dathang@email.vn,2026-03-18,BH26_1419.eml,processed,2026-05-27 14:54:50
486,BH26.1420,dathang@email.vn,2026-03-18,BH26_1420.eml,processed,2026-05-27 14:54:50
487,BH26.1421,dathang@email.vn,2026-03-18,BH26_1421.eml,processed,2026-05-27 14:54:50
488,BH26.1422,dathang@email.vn,2026-03-18,BH26_1422.eml,processed,2026-05-27 14:54:50
489,BH26.1423,dathang@email.vn,2026-03-18,BH26_1423.eml,processed,2026-05-27 14:54:50
490,BH26.1424,dathang@email.vn,2026-03-18,BH26_1424.eml,processed,2026-05-27 14:54:50
491,BH26.1425,dathang@email.vn,2026-03-18,BH26_1425.eml,processed,2026-05-27 14:54:50
492,BH26.1426,dathang@email.vn,2026-03-18,BH26_1426.eml,processed,2026-05-27 14:54:50
493,BH26.1427,dathang@email.vn,2026-03-18,BH26_1427.eml,processed,2026-05-27 14:54:50
494,BH26.1428,dathang@email.vn,2026-03-18,BH26_1428.eml,processed,2026-05-27 14:54:50
495,BH26.1429,dathang@email.vn,2026-03-19,BH26_1429.eml,processed,2026-05-27 14:54:50
496,BH26.1430,dathang@email.vn,2026-03-19,BH26_1430.eml,processed,2026-05-27 14:54:50
497,BH26.1431,dathang@email.vn,2026-03-19,BH26_1431.eml,processed,2026-05-27 14:54:50
498,BH26.1432,dathang@email.vn,2026-03-19,BH26_1432.eml,processed,2026-05-27 14:54:50
499,BH26.1433,dathang@email.vn,2026-03-19,BH26_1433.eml,processed,2026-05-27 14:54:50
500,BH26.1434,dathang@email.vn,2026-03-19,BH26_1434.eml,processed,2026-05-27 14:54:50
501,BH26.1435,dathang@email.vn,2026-03-19,BH26_1435.eml,processed,2026-05-27 14:54:50
502,BH26.1436,dathang@email.vn,2026-03-19,BH26_1436.eml,processed,2026-05-27 14:54:50
503,BH26.1437,dathang@email.vn,2026-03-19,BH26_1437.eml,processed,2026-05-27 14:54:50
504,BH26.1438,dathang@email.vn,2026-03-19,BH26_1438.eml,processed,2026-05-27 14:54:50
505,BH26.1439,dathang@email.vn,2026-03-19,BH26_1439.eml,processed,2026-05-27 14:54:50
506,BH26.1440,dathang@email.vn,2026-03-19,BH26_1440.eml,processed,2026-05-27 14:54:50
507,BH26.1441,dathang@email.vn,2026-03-19,BH26_1441.eml,processed,2026-05-27 14:54:50
508,BH26.1442,dathang@email.vn,2026-03-19,BH26_1442.eml,processed,2026-05-27 14:54:50
509,BH26.1443,dathang@email.vn,2026-03-19,BH26_1443.eml,processed,2026-05-27 14:54:50
510,BH26.1444,dathang@email.vn,2026-03-19,BH26_1444.eml,processed,2026-05-27 14:54:50
511,BH26.1445,dathang@email.vn,2026-03-19,BH26_1445.eml,processed,2026-05-27 14:54:50
512,BH26.1446,dathang@email.vn,2026-03-19,BH26_1446.eml,processed,2026-05-27 14:54:50
513,BH26.1447,dathang@email.vn,2026-03-19,BH26_1447.eml,processed,2026-05-27 14:54:50
514,BH26.1448,dathang@email.vn,2026-03-19,BH26_1448.eml,processed,2026-05-27 14:54:50
515,BH26.1449,dathang@email.vn,2026-03-19,BH26_1449.eml,processed,2026-05-27 14:54:50
516,BH26.1450,dathang@email.vn,2026-03-19,BH26_1450.eml,processed,2026-05-27 14:54:50
517,BH26.1451,dathang@email.vn,2026-03-19,BH26_1451.eml,processed,2026-05-27 14:54:50
518,BH26.1452,dathang@email.vn,2026-03-19,BH26_1452.eml,processed,2026-05-27 14:54:50
519,BH26.1453,dathang@email.vn,2026-03-19,BH26_1453.eml,processed,2026-05-27 14:54:50
520,BH26.1454,dathang@email.vn,2026-03-19,BH26_1454.eml,processed,2026-05-27 14:54:50
521,BH26.1455,dathang@email.vn,2026-03-19,BH26_1455.eml,processed,2026-05-27 14:54:50
522,BH26.1456,dathang@email.vn,2026-03-19,BH26_1456.eml,processed,2026-05-27 14:54:50
523,BH26.1457,dathang@email.vn,2026-03-19,BH26_1457.eml,processed,2026-05-27 14:54:50
524,BH26.1458,dathang@email.vn,2026-03-19,BH26_1458.eml,processed,2026-05-27 14:54:50
525,BH26.1459,dathang@email.vn,2026-03-19,BH26_1459.eml,processed,2026-05-27 14:54:50
526,BH26.1460,dathang@email.vn,2026-03-19,BH26_1460.eml,processed,2026-05-27 14:54:50
527,BH26.1461,dathang@email.vn,2026-03-19,BH26_1461.eml,processed,2026-05-27 14:54:50
528,BH26.1462,dathang@email.vn,2026-03-19,BH26_1462.eml,processed,2026-05-27 14:54:50
529,BH26.1463,dathang@email.vn,2026-03-19,BH26_1463.eml,processed,2026-05-27 14:54:50
530,BH26.1464,dathang@email.vn,2026-03-19,BH26_1464.eml,processed,2026-05-27 14:54:50
531,BH26.1465,dathang@email.vn,2026-03-19,BH26_1465.eml,processed,2026-05-27 14:54:50
532,BH26.1466,dathang@email.vn,2026-03-19,BH26_1466.eml,processed,2026-05-27 14:54:50
533,BH26.1467,dathang@email.vn,2026-03-20,BH26_1467.eml,processed,2026-05-27 14:54:50
534,BH26.1468,dathang@email.vn,2026-03-20,BH26_1468.eml,processed,2026-05-27 14:54:50
535,BH26.1469,dathang@email.vn,2026-03-20,BH26_1469.eml,processed,2026-05-27 14:54:50
536,BH26.1470,dathang@email.vn,2026-03-20,BH26_1470.eml,processed,2026-05-27 14:54:50
537,BH26.1471,dathang@email.vn,2026-03-20,BH26_1471.eml,processed,2026-05-27 14:54:50
538,BH26.1472,dathang@email.vn,2026-03-20,BH26_1472.eml,processed,2026-05-27 14:54:50
539,BH26.1473,dathang@email.vn,2026-03-20,BH26_1473.eml,processed,2026-05-27 14:54:50
540,BH26.1474,dathang@email.vn,2026-03-20,BH26_1474.eml,processed,2026-05-27 14:54:50
541,BH26.1475,dathang@email.vn,2026-03-20,BH26_1475.eml,processed,2026-05-27 14:54:50
542,BH26.1476,dathang@email.vn,2026-03-20,BH26_1476.eml,processed,2026-05-27 14:54:50
543,BH26.1477,dathang@email.vn,2026-03-20,BH26_1477.eml,processed,2026-05-27 14:54:50
544,BH26.1478,dathang@email.vn,2026-03-20,BH26_1478.eml,processed,2026-05-27 14:54:50
545,BH26.1479,dathang@email.vn,2026-03-20,BH26_1479.eml,processed,2026-05-27 14:54:50
546,BH26.1480,dathang@email.vn,2026-03-20,BH26_1480.eml,processed,2026-05-27 14:54:50
547,BH26.1481,dathang@email.vn,2026-03-20,BH26_1481.eml,processed,2026-05-27 14:54:50
548,BH26.1482,dathang@email.vn,2026-03-20,BH26_1482.eml,processed,2026-05-27 14:54:50
549,BH26.1483,dathang@email.vn,2026-03-20,BH26_1483.eml,processed,2026-05-27 14:54:50
550,BH26.1484,dathang@email.vn,2026-03-20,BH26_1484.eml,processed,2026-05-27 14:54:50
551,BH26.1485,dathang@email.vn,2026-03-20,BH26_1485.eml,processed,2026-05-27 14:54:50
552,BH26.1486,dathang@email.vn,2026-03-20,BH26_1486.eml,processed,2026-05-27 14:54:50
553,BH26.1487,dathang@email.vn,2026-03-20,BH26_1487.eml,processed,2026-05-27 14:54:50
554,BH26.1488,dathang@email.vn,2026-03-20,BH26_1488.eml,processed,2026-05-27 14:54:50
555,BH26.1489,dathang@email.vn,2026-03-20,BH26_1489.eml,processed,2026-05-27 14:54:50
556,BH26.1490,dathang@email.vn,2026-03-20,BH26_1490.eml,processed,2026-05-27 14:54:50
557,BH26.1491,dathang@email.vn,2026-03-20,BH26_1491.eml,processed,2026-05-27 14:54:50
558,BH26.1492,dathang@email.vn,2026-03-20,BH26_1492.eml,processed,2026-05-27 14:54:50
559,BH26.1493,dathang@email.vn,2026-03-21,BH26_1493.eml,processed,2026-05-27 14:54:50
560,BH26.1494,dathang@email.vn,2026-03-21,BH26_1494.eml,processed,2026-05-27 14:54:50
561,BH26.1495,dathang@email.vn,2026-03-21,BH26_1495.eml,processed,2026-05-27 14:54:50
562,BH26.1496,dathang@email.vn,2026-03-21,BH26_1496.eml,processed,2026-05-27 14:54:50
563,BH26.1497,dathang@email.vn,2026-03-21,BH26_1497.eml,processed,2026-05-27 14:54:50
564,BH26.1498,dathang@email.vn,2026-03-21,BH26_1498.eml,processed,2026-05-27 14:54:50
565,BH26.1499,dathang@email.vn,2026-03-21,BH26_1499.eml,processed,2026-05-27 14:54:50
566,BH26.1500,dathang@email.vn,2026-03-21,BH26_1500.eml,processed,2026-05-27 14:54:50
567,BH26.1501,dathang@email.vn,2026-03-21,BH26_1501.eml,processed,2026-05-27 14:54:50
568,BH26.1502,dathang@email.vn,2026-03-21,BH26_1502.eml,processed,2026-05-27 14:54:50
569,BH26.1503,dathang@email.vn,2026-03-21,BH26_1503.eml,processed,2026-05-27 14:54:50
570,BH26.1504,dathang@email.vn,2026-03-21,BH26_1504.eml,processed,2026-05-27 14:54:50
571,BH26.1505,dathang@email.vn,2026-03-21,BH26_1505.eml,processed,2026-05-27 14:54:50
572,BH26.1506,dathang@email.vn,2026-03-21,BH26_1506.eml,processed,2026-05-27 14:54:50
573,BH26.1507,dathang@email.vn,2026-03-21,BH26_1507.eml,processed,2026-05-27 14:54:50
574,BH26.1508,dathang@email.vn,2026-03-21,BH26_1508.eml,processed,2026-05-27 14:54:50
575,BH26.1509,dathang@email.vn,2026-03-21,BH26_1509.eml,processed,2026-05-27 14:54:50
576,BH26.1510,dathang@email.vn,2026-03-21,BH26_1510.eml,processed,2026-05-27 14:54:50
577,BH26.1511,dathang@email.vn,2026-03-21,BH26_1511.eml,processed,2026-05-27 14:54:50
578,BH26.1512,dathang@email.vn,2026-03-21,BH26_1512.eml,processed,2026-05-27 14:54:50
579,BH26.1513,dathang@email.vn,2026-03-21,BH26_1513.eml,processed,2026-05-27 14:54:50
580,BH26.1514,dathang@email.vn,2026-03-21,BH26_1514.eml,processed,2026-05-27 14:54:50
581,BH26.1515,dathang@email.vn,2026-03-21,BH26_1515.eml,processed,2026-05-27 14:54:50
582,BH26.1516,dathang@email.vn,2026-03-21,BH26_1516.eml,processed,2026-05-27 14:54:50
583,BH26.1517,dathang@email.vn,2026-03-21,BH26_1517.eml,processed,2026-05-27 14:54:50
584,BH26.1518,dathang@email.vn,2026-03-21,BH26_1518.eml,processed,2026-05-27 14:54:50
585,BH26.1519,dathang@email.vn,2026-03-21,BH26_1519.eml,processed,2026-05-27 14:54:50
586,BH26.1520,dathang@email.vn,2026-03-21,BH26_1520.eml,processed,2026-05-27 14:54:50
587,BH26.1521,dathang@email.vn,2026-03-21,BH26_1521.eml,processed,2026-05-27 14:54:50
588,BH26.1522,dathang@email.vn,2026-03-21,BH26_1522.eml,processed,2026-05-27 14:54:50
589,BH26.1523,dathang@email.vn,2026-03-21,BH26_1523.eml,processed,2026-05-27 14:54:50
590,BH26.1524,dathang@email.vn,2026-03-21,BH26_1524.eml,processed,2026-05-27 14:54:50
591,BH26.1525,dathang@email.vn,2026-03-21,BH26_1525.eml,processed,2026-05-27 14:54:50
592,BH26.1526,dathang@email.vn,2026-03-21,BH26_1526.eml,processed,2026-05-27 14:54:50
593,BH26.1527,dathang@email.vn,2026-03-21,BH26_1527.eml,processed,2026-05-27 14:54:50
594,BH26.1528,dathang@email.vn,2026-03-21,BH26_1528.eml,processed,2026-05-27 14:54:50
595,BH26.1529,dathang@email.vn,2026-03-21,BH26_1529.eml,processed,2026-05-27 14:54:50
596,BH26.1530,dathang@email.vn,2026-03-21,BH26_1530.eml,processed,2026-05-27 14:54:50
597,BH26.1531,dathang@email.vn,2026-03-21,BH26_1531.eml,processed,2026-05-27 14:54:50
598,BH26.1532,dathang@email.vn,2026-03-21,BH26_1532.eml,processed,2026-05-27 14:54:50
599,BH26.1533,dathang@email.vn,2026-03-21,BH26_1533.eml,processed,2026-05-27 14:54:50
600,BH26.1534,dathang@email.vn,2026-03-21,BH26_1534.eml,processed,2026-05-27 14:54:50
601,BH26.1535,dathang@email.vn,2026-03-21,BH26_1535.eml,processed,2026-05-27 14:54:50
602,BH26.1536,dathang@email.vn,2026-03-21,BH26_1536.eml,processed,2026-05-27 14:54:50
603,BH26.1537,dathang@email.vn,2026-03-22,BH26_1537.eml,processed,2026-05-27 14:54:50
604,BH26.1538,dathang@email.vn,2026-03-23,BH26_1538.eml,processed,2026-05-27 14:54:50
605,BH26.1539,dathang@email.vn,2026-03-23,BH26_1539.eml,processed,2026-05-27 14:54:50
606,BH26.1540,dathang@email.vn,2026-03-23,BH26_1540.eml,processed,2026-05-27 14:54:50
607,BH26.1541,dathang@email.vn,2026-03-23,BH26_1541.eml,processed,2026-05-27 14:54:50
608,BH26.1542,dathang@email.vn,2026-03-23,BH26_1542.eml,processed,2026-05-27 14:54:50
609,BH26.1543,dathang@email.vn,2026-03-23,BH26_1543.eml,processed,2026-05-27 14:54:50
610,BH26.1544,dathang@email.vn,2026-03-23,BH26_1544.eml,processed,2026-05-27 14:54:50
611,BH26.1545,dathang@email.vn,2026-03-23,BH26_1545.eml,processed,2026-05-27 14:54:50
612,BH26.1546,dathang@email.vn,2026-03-23,BH26_1546.eml,processed,2026-05-27 14:54:50
613,BH26.1547,dathang@email.vn,2026-03-23,BH26_1547.eml,processed,2026-05-27 14:54:50
614,BH26.1548,dathang@email.vn,2026-03-23,BH26_1548.eml,processed,2026-05-27 14:54:50
615,BH26.1549,dathang@email.vn,2026-03-23,BH26_1549.eml,processed,2026-05-27 14:54:50
616,BH26.1550,dathang@email.vn,2026-03-23,BH26_1550.eml,processed,2026-05-27 14:54:50
617,BH26.1551,dathang@email.vn,2026-03-23,BH26_1551.eml,processed,2026-05-27 14:54:50
618,BH26.1552,dathang@email.vn,2026-03-23,BH26_1552.eml,processed,2026-05-27 14:54:50
619,BH26.1553,dathang@email.vn,2026-03-23,BH26_1553.eml,processed,2026-05-27 14:54:50
620,BH26.1554,dathang@email.vn,2026-03-23,BH26_1554.eml,processed,2026-05-27 14:54:50
621,BH26.1555,dathang@email.vn,2026-03-23,BH26_1555.eml,processed,2026-05-27 14:54:50
622,BH26.1556,dathang@email.vn,2026-03-23,BH26_1556.eml,processed,2026-05-27 14:54:50
623,BH26.1557,dathang@email.vn,2026-03-23,BH26_1557.eml,processed,2026-05-27 14:54:50
624,BH26.1558,dathang@email.vn,2026-03-23,BH26_1558.eml,processed,2026-05-27 14:54:50
625,BH26.1559,dathang@email.vn,2026-03-23,BH26_1559.eml,processed,2026-05-27 14:54:50
626,BH26.1560,dathang@email.vn,2026-03-23,BH26_1560.eml,processed,2026-05-27 14:54:50
627,BH26.1561,dathang@email.vn,2026-03-23,BH26_1561.eml,processed,2026-05-27 14:54:50
628,BH26.1562,dathang@email.vn,2026-03-23,BH26_1562.eml,processed,2026-05-27 14:54:50
629,BH26.1563,dathang@email.vn,2026-03-23,BH26_1563.eml,processed,2026-05-27 14:54:50
630,BH26.1564,dathang@email.vn,2026-03-23,BH26_1564.eml,processed,2026-05-27 14:54:50
631,BH26.1565,dathang@email.vn,2026-03-23,BH26_1565.eml,processed,2026-05-27 14:54:50
632,BH26.1566,dathang@email.vn,2026-03-23,BH26_1566.eml,processed,2026-05-27 14:54:50
633,BH26.1567,dathang@email.vn,2026-03-23,BH26_1567.eml,processed,2026-05-27 14:54:50
634,BH26.1568,dathang@email.vn,2026-03-23,BH26_1568.eml,processed,2026-05-27 14:54:50
635,BH26.1569,dathang@email.vn,2026-03-23,BH26_1569.eml,processed,2026-05-27 14:54:50
636,BH26.1570,dathang@email.vn,2026-03-23,BH26_1570.eml,processed,2026-05-27 14:54:50
637,BH26.1571,dathang@email.vn,2026-03-23,BH26_1571.eml,processed,2026-05-27 14:54:50
638,BH26.1572,dathang@email.vn,2026-03-23,BH26_1572.eml,processed,2026-05-27 14:54:50
639,BH26.1573,dathang@email.vn,2026-03-23,BH26_1573.eml,processed,2026-05-27 14:54:50
640,BH26.1574,dathang@email.vn,2026-03-23,BH26_1574.eml,processed,2026-05-27 14:54:50
641,BH26.1575,dathang@email.vn,2026-03-23,BH26_1575.eml,processed,2026-05-27 14:54:50
642,BH26.1576,dathang@email.vn,2026-03-23,BH26_1576.eml,processed,2026-05-27 14:54:50
643,BH26.1577,dathang@email.vn,2026-03-23,BH26_1577.eml,processed,2026-05-27 14:54:50
644,BH26.1578,dathang@email.vn,2026-03-23,BH26_1578.eml,processed,2026-05-27 14:54:50
645,BH26.1579,dathang@email.vn,2026-03-23,BH26_1579.eml,processed,2026-05-27 14:54:50
646,BH26.1580,dathang@email.vn,2026-03-23,BH26_1580.eml,processed,2026-05-27 14:54:50
647,BH26.1581,dathang@email.vn,2026-03-23,BH26_1581.eml,processed,2026-05-27 14:54:50
648,BH26.1582,dathang@email.vn,2026-03-23,BH26_1582.eml,processed,2026-05-27 14:54:50
649,BH26.1583,dathang@email.vn,2026-03-23,BH26_1583.eml,processed,2026-05-27 14:54:50
650,BH26.1584,dathang@email.vn,2026-03-24,BH26_1584.eml,processed,2026-05-27 14:54:50
651,BH26.1585,dathang@email.vn,2026-03-24,BH26_1585.eml,processed,2026-05-27 14:54:50
652,BH26.1586,dathang@email.vn,2026-03-24,BH26_1586.eml,processed,2026-05-27 14:54:50
653,BH26.1587,dathang@email.vn,2026-03-24,BH26_1587.eml,processed,2026-05-27 14:54:50
654,BH26.1588,dathang@email.vn,2026-03-24,BH26_1588.eml,processed,2026-05-27 14:54:50
655,BH26.1589,dathang@email.vn,2026-03-24,BH26_1589.eml,processed,2026-05-27 14:54:50
656,BH26.1590,dathang@email.vn,2026-03-24,BH26_1590.eml,processed,2026-05-27 14:54:50
657,BH26.1591,dathang@email.vn,2026-03-24,BH26_1591.eml,processed,2026-05-27 14:54:50
658,BH26.1592,dathang@email.vn,2026-03-24,BH26_1592.eml,processed,2026-05-27 14:54:50
659,BH26.1593,dathang@email.vn,2026-03-24,BH26_1593.eml,processed,2026-05-27 14:54:50
660,BH26.1594,dathang@email.vn,2026-03-24,BH26_1594.eml,processed,2026-05-27 14:54:50
661,BH26.1595,dathang@email.vn,2026-03-24,BH26_1595.eml,processed,2026-05-27 14:54:50
662,BH26.1596,dathang@email.vn,2026-03-24,BH26_1596.eml,processed,2026-05-27 14:54:50
663,BH26.1597,dathang@email.vn,2026-03-24,BH26_1597.eml,processed,2026-05-27 14:54:50
664,BH26.1598,dathang@email.vn,2026-03-24,BH26_1598.eml,processed,2026-05-27 14:54:50
665,BH26.1599,dathang@email.vn,2026-03-24,BH26_1599.eml,processed,2026-05-27 14:54:50
666,BH26.1600,dathang@email.vn,2026-03-24,BH26_1600.eml,processed,2026-05-27 14:54:50
667,BH26.1601,dathang@email.vn,2026-03-24,BH26_1601.eml,processed,2026-05-27 14:54:50
668,BH26.1602,dathang@email.vn,2026-03-24,BH26_1602.eml,processed,2026-05-27 14:54:50
669,BH26.1603,dathang@email.vn,2026-03-24,BH26_1603.eml,processed,2026-05-27 14:54:50
670,BH26.1604,dathang@email.vn,2026-03-24,BH26_1604.eml,processed,2026-05-27 14:54:50
671,BH26.1605,dathang@email.vn,2026-03-24,BH26_1605.eml,processed,2026-05-27 14:54:50
672,BH26.1606,dathang@email.vn,2026-03-24,BH26_1606.eml,processed,2026-05-27 14:54:50
673,BH26.1607,dathang@email.vn,2026-03-24,BH26_1607.eml,processed,2026-05-27 14:54:50
674,BH26.1608,dathang@email.vn,2026-03-24,BH26_1608.eml,processed,2026-05-27 14:54:50
675,BH26.1609,dathang@email.vn,2026-03-24,BH26_1609.eml,processed,2026-05-27 14:54:50
676,BH26.1610,dathang@email.vn,2026-03-24,BH26_1610.eml,processed,2026-05-27 14:54:50
677,BH26.1611,dathang@email.vn,2026-03-24,BH26_1611.eml,processed,2026-05-27 14:54:50
678,BH26.1612,dathang@email.vn,2026-03-24,BH26_1612.eml,processed,2026-05-27 14:54:50
679,BH26.1613,dathang@email.vn,2026-03-24,BH26_1613.eml,processed,2026-05-27 14:54:50
680,BH26.1614,dathang@email.vn,2026-03-24,BH26_1614.eml,processed,2026-05-27 14:54:50
681,BH26.1615,dathang@email.vn,2026-03-24,BH26_1615.eml,processed,2026-05-27 14:54:50
682,BH26.1616,dathang@email.vn,2026-03-24,BH26_1616.eml,processed,2026-05-27 14:54:50
683,BH26.1617,dathang@email.vn,2026-03-24,BH26_1617.eml,processed,2026-05-27 14:54:50
684,BH26.1618,dathang@email.vn,2026-03-24,BH26_1618.eml,processed,2026-05-27 14:54:50
685,BH26.1619,dathang@email.vn,2026-03-24,BH26_1619.eml,processed,2026-05-27 14:54:50
686,BH26.1620,dathang@email.vn,2026-03-24,BH26_1620.eml,processed,2026-05-27 14:54:50
687,BH26.1621,dathang@email.vn,2026-03-24,BH26_1621.eml,processed,2026-05-27 14:54:50
688,BH26.1622,dathang@email.vn,2026-03-24,BH26_1622.eml,processed,2026-05-27 14:54:50
689,BH26.1623,dathang@email.vn,2026-03-24,BH26_1623.eml,processed,2026-05-27 14:54:50
690,BH26.1624,dathang@email.vn,2026-03-24,BH26_1624.eml,processed,2026-05-27 14:54:50
691,BH26.1625,dathang@email.vn,2026-03-24,BH26_1625.eml,processed,2026-05-27 14:54:50
692,BH26.1626,dathang@email.vn,2026-03-24,BH26_1626.eml,processed,2026-05-27 14:54:50
693,BH26.1627,dathang@email.vn,2026-03-24,BH26_1627.eml,processed,2026-05-27 14:54:50
694,BH26.1628,dathang@email.vn,2026-03-24,BH26_1628.eml,processed,2026-05-27 14:54:50
695,BH26.1629,dathang@email.vn,2026-03-24,BH26_1629.eml,processed,2026-05-27 14:54:50
696,BH26.1630,dathang@email.vn,2026-03-24,BH26_1630.eml,processed,2026-05-27 14:54:50
697,BH26.1631,dathang@email.vn,2026-03-24,BH26_1631.eml,processed,2026-05-27 14:54:50
698,BH26.1632,dathang@email.vn,2026-03-24,BH26_1632.eml,processed,2026-05-27 14:54:50
699,BH26.1633,dathang@email.vn,2026-03-24,BH26_1633.eml,processed,2026-05-27 14:54:50
700,BH26.1634,dathang@email.vn,2026-03-24,BH26_1634.eml,processed,2026-05-27 14:54:50
701,BH26.1635,dathang@email.vn,2026-03-24,BH26_1635.eml,processed,2026-05-27 14:54:50
702,BH26.1636,dathang@email.vn,2026-03-24,BH26_1636.eml,processed,2026-05-27 14:54:50
703,BH26.1637,dathang@email.vn,2026-03-24,BH26_1637.eml,processed,2026-05-27 14:54:50
704,BH26.1638,dathang@email.vn,2026-03-24,BH26_1638.eml,processed,2026-05-27 14:54:50
705,BH26.1639,dathang@email.vn,2026-03-24,BH26_1639.eml,processed,2026-05-27 14:54:50
706,BH26.1640,dathang@email.vn,2026-03-24,BH26_1640.eml,processed,2026-05-27 14:54:50
707,BH26.1641,dathang@email.vn,2026-03-25,BH26_1641.eml,processed,2026-05-27 14:54:50
708,BH26.1642,dathang@email.vn,2026-03-25,BH26_1642.eml,processed,2026-05-27 14:54:50
709,BH26.1643,dathang@email.vn,2026-03-25,BH26_1643.eml,processed,2026-05-27 14:54:50
710,BH26.1644,dathang@email.vn,2026-03-25,BH26_1644.eml,processed,2026-05-27 14:54:50
711,BH26.1645,dathang@email.vn,2026-03-25,BH26_1645.eml,processed,2026-05-27 14:54:50
712,BH26.1646,dathang@email.vn,2026-03-25,BH26_1646.eml,processed,2026-05-27 14:54:50
713,BH26.1647,dathang@email.vn,2026-03-25,BH26_1647.eml,processed,2026-05-27 14:54:50
714,BH26.1648,dathang@email.vn,2026-03-25,BH26_1648.eml,processed,2026-05-27 14:54:50
715,BH26.1649,dathang@email.vn,2026-03-25,BH26_1649.eml,processed,2026-05-27 14:54:50
716,BH26.1650,dathang@email.vn,2026-03-25,BH26_1650.eml,processed,2026-05-27 14:54:50
717,BH26.1651,dathang@email.vn,2026-03-25,BH26_1651.eml,processed,2026-05-27 14:54:50
718,BH26.1652,dathang@email.vn,2026-03-25,BH26_1652.eml,processed,2026-05-27 14:54:50
719,BH26.1653,dathang@email.vn,2026-03-25,BH26_1653.eml,processed,2026-05-27 14:54:50
720,BH26.1654,dathang@email.vn,2026-03-25,BH26_1654.eml,processed,2026-05-27 14:54:50
721,BH26.1655,dathang@email.vn,2026-03-25,BH26_1655.eml,processed,2026-05-27 14:54:50
722,BH26.1656,dathang@email.vn,2026-03-25,BH26_1656.eml,processed,2026-05-27 14:54:50
723,BH26.1657,dathang@email.vn,2026-03-25,BH26_1657.eml,processed,2026-05-27 14:54:50
724,BH26.1658,dathang@email.vn,2026-03-25,BH26_1658.eml,processed,2026-05-27 14:54:50
725,BH26.1659,dathang@email.vn,2026-03-25,BH26_1659.eml,processed,2026-05-27 14:54:50
726,BH26.1660,dathang@email.vn,2026-03-25,BH26_1660.eml,processed,2026-05-27 14:54:50
727,BH26.1661,dathang@email.vn,2026-03-25,BH26_1661.eml,processed,2026-05-27 14:54:50
728,BH26.1662,dathang@email.vn,2026-03-25,BH26_1662.eml,processed,2026-05-27 14:54:50
729,BH26.1663,dathang@email.vn,2026-03-25,BH26_1663.eml,processed,2026-05-27 14:54:50
730,BH26.1664,dathang@email.vn,2026-03-25,BH26_1664.eml,processed,2026-05-27 14:54:50
731,BH26.1665,dathang@email.vn,2026-03-25,BH26_1665.eml,processed,2026-05-27 14:54:50
732,BH26.1666,dathang@email.vn,2026-03-25,BH26_1666.eml,processed,2026-05-27 14:54:50
733,BH26.1667,dathang@email.vn,2026-03-25,BH26_1667.eml,processed,2026-05-27 14:54:50
734,BH26.1668,dathang@email.vn,2026-03-25,BH26_1668.eml,processed,2026-05-27 14:54:50
735,BH26.1669,dathang@email.vn,2026-03-25,BH26_1669.eml,processed,2026-05-27 14:54:50
736,BH26.1670,dathang@email.vn,2026-03-25,BH26_1670.eml,processed,2026-05-27 14:54:50
737,BH26.1671,dathang@email.vn,2026-03-25,BH26_1671.eml,processed,2026-05-27 14:54:50
738,BH26.1672,dathang@email.vn,2026-03-25,BH26_1672.eml,processed,2026-05-27 14:54:50
739,BH26.1673,dathang@email.vn,2026-03-25,BH26_1673.eml,processed,2026-05-27 14:54:50
740,BH26.1674,dathang@email.vn,2026-03-25,BH26_1674.eml,processed,2026-05-27 14:54:50
741,BH26.1675,dathang@email.vn,2026-03-25,BH26_1675.eml,processed,2026-05-27 14:54:50
742,BH26.1676,dathang@email.vn,2026-03-25,BH26_1676.eml,processed,2026-05-27 14:54:50
743,BH26.1677,dathang@email.vn,2026-03-25,BH26_1677.eml,processed,2026-05-27 14:54:50
744,BH26.1678,dathang@email.vn,2026-03-25,BH26_1678.eml,processed,2026-05-27 14:54:50
745,BH26.1679,dathang@email.vn,2026-03-25,BH26_1679.eml,processed,2026-05-27 14:54:50
746,BH26.1680,dathang@email.vn,2026-03-25,BH26_1680.eml,processed,2026-05-27 14:54:50
747,BH26.1681,dathang@email.vn,2026-03-25,BH26_1681.eml,processed,2026-05-27 14:54:50
748,BH26.1682,dathang@email.vn,2026-03-25,BH26_1682.eml,processed,2026-05-27 14:54:50
749,BH26.1683,dathang@email.vn,2026-03-25,BH26_1683.eml,processed,2026-05-27 14:54:50
750,BH26.1684,dathang@email.vn,2026-03-25,BH26_1684.eml,processed,2026-05-27 14:54:50
751,BH26.1685,dathang@email.vn,2026-03-25,BH26_1685.eml,processed,2026-05-27 14:54:50
752,BH26.1686,dathang@email.vn,2026-03-25,BH26_1686.eml,processed,2026-05-27 14:54:50
753,BH26.1687,dathang@email.vn,2026-03-25,BH26_1687.eml,processed,2026-05-27 14:54:50
754,BH26.1688,dathang@email.vn,2026-03-25,BH26_1688.eml,processed,2026-05-27 14:54:50
755,BH26.1689,dathang@email.vn,2026-03-25,BH26_1689.eml,processed,2026-05-27 14:54:50
756,BH26.1690,dathang@email.vn,2026-03-25,BH26_1690.eml,processed,2026-05-27 14:54:50
757,BH26.1691,dathang@email.vn,2026-03-25,BH26_1691.eml,processed,2026-05-27 14:54:50
758,BH26.1692,dathang@email.vn,2026-03-25,BH26_1692.eml,processed,2026-05-27 14:54:50
759,BH26.1693,dathang@email.vn,2026-03-25,BH26_1693.eml,processed,2026-05-27 14:54:50
760,BH26.1694,dathang@email.vn,2026-03-25,BH26_1694.eml,processed,2026-05-27 14:54:50
761,BH26.1695,dathang@email.vn,2026-03-25,BH26_1695.eml,processed,2026-05-27 14:54:50
762,BH26.1696,dathang@email.vn,2026-03-25,BH26_1696.eml,processed,2026-05-27 14:54:50
763,BH26.1697,dathang@email.vn,2026-03-25,BH26_1697.eml,processed,2026-05-27 14:54:50
764,BH26.1698,dathang@email.vn,2026-03-25,BH26_1698.eml,processed,2026-05-27 14:54:50
765,BH26.1699,dathang@email.vn,2026-03-25,BH26_1699.eml,processed,2026-05-27 14:54:50
766,BH26.1700,dathang@email.vn,2026-03-25,BH26_1700.eml,processed,2026-05-27 14:54:50
767,BH26.1701,dathang@email.vn,2026-03-25,BH26_1701.eml,processed,2026-05-27 14:54:50
768,BH26.1702,dathang@email.vn,2026-03-25,BH26_1702.eml,processed,2026-05-27 14:54:50
769,BH26.1703,dathang@email.vn,2026-03-25,BH26_1703.eml,processed,2026-05-27 14:54:50
770,BH26.1704,dathang@email.vn,2026-03-25,BH26_1704.eml,processed,2026-05-27 14:54:50
771,BH26.1705,dathang@email.vn,2026-03-25,BH26_1705.eml,processed,2026-05-27 14:54:50
772,BH26.1706,dathang@email.vn,2026-03-25,BH26_1706.eml,processed,2026-05-27 14:54:50
773,BH26.1707,dathang@email.vn,2026-03-25,BH26_1707.eml,processed,2026-05-27 14:54:50
774,BH26.1708,dathang@email.vn,2026-03-25,BH26_1708.eml,processed,2026-05-27 14:54:50
775,BH26.1709,dathang@email.vn,2026-03-25,BH26_1709.eml,processed,2026-05-27 14:54:50
776,BH26.1710,dathang@email.vn,2026-03-25,BH26_1710.eml,processed,2026-05-27 14:54:50
777,BH26.1711,dathang@email.vn,2026-03-25,BH26_1711.eml,processed,2026-05-27 14:54:50
778,BH26.1712,dathang@email.vn,2026-03-25,BH26_1712.eml,processed,2026-05-27 14:54:50
779,BH26.1713,dathang@email.vn,2026-03-25,BH26_1713.eml,processed,2026-05-27 14:54:50
780,BH26.1714,dathang@email.vn,2026-03-25,BH26_1714.eml,processed,2026-05-27 14:54:50
781,BH26.1715,dathang@email.vn,2026-03-25,BH26_1715.eml,processed,2026-05-27 14:54:50
782,BH26.1716,dathang@email.vn,2026-03-25,BH26_1716.eml,processed,2026-05-27 14:54:50
783,BH26.1717,dathang@email.vn,2026-03-25,BH26_1717.eml,processed,2026-05-27 14:54:50
784,BH26.1718,dathang@email.vn,2026-03-25,BH26_1718.eml,processed,2026-05-27 14:54:50
785,BH26.1719,dathang@email.vn,2026-03-25,BH26_1719.eml,processed,2026-05-27 14:54:50
786,BH26.1720,dathang@email.vn,2026-03-25,BH26_1720.eml,processed,2026-05-27 14:54:50
787,BH26.1721,dathang@email.vn,2026-03-25,BH26_1721.eml,processed,2026-05-27 14:54:50
788,BH26.1722,dathang@email.vn,2026-03-25,BH26_1722.eml,processed,2026-05-27 14:54:50
789,BH26.1723,dathang@email.vn,2026-03-25,BH26_1723.eml,processed,2026-05-27 14:54:50
790,BH26.1724,dathang@email.vn,2026-03-25,BH26_1724.eml,processed,2026-05-27 14:54:50
791,BH26.1725,dathang@email.vn,2026-03-25,BH26_1725.eml,processed,2026-05-27 14:54:50
792,BH26.1726,dathang@email.vn,2026-03-25,BH26_1726.eml,processed,2026-05-27 14:54:50
793,BH26.1727,dathang@email.vn,2026-03-25,BH26_1727.eml,processed,2026-05-27 14:54:50
794,BH26.1728,dathang@email.vn,2026-03-25,BH26_1728.eml,processed,2026-05-27 14:54:50
795,BH26.1729,dathang@email.vn,2026-03-25,BH26_1729.eml,processed,2026-05-27 14:54:50
796,BH26.1730,dathang@email.vn,2026-03-25,BH26_1730.eml,processed,2026-05-27 14:54:50
797,BH26.1731,dathang@email.vn,2026-03-25,BH26_1731.eml,processed,2026-05-27 14:54:50
798,BH26.1732,dathang@email.vn,2026-03-25,BH26_1732.eml,processed,2026-05-27 14:54:50
799,BH26.1733,dathang@email.vn,2026-03-25,BH26_1733.eml,processed,2026-05-27 14:54:50
800,BH26.1734,dathang@email.vn,2026-03-25,BH26_1734.eml,processed,2026-05-27 14:54:50
801,BH26.1735,dathang@email.vn,2026-03-25,BH26_1735.eml,processed,2026-05-27 14:54:50
802,BH26.1736,dathang@email.vn,2026-03-25,BH26_1736.eml,processed,2026-05-27 14:54:50
803,BH26.1737,dathang@email.vn,2026-03-25,BH26_1737.eml,processed,2026-05-27 14:54:50
804,BH26.1738,dathang@email.vn,2026-03-25,BH26_1738.eml,processed,2026-05-27 14:54:50
805,BH26.1739,dathang@email.vn,2026-03-25,BH26_1739.eml,processed,2026-05-27 14:54:50
806,BH26.1740,dathang@email.vn,2026-03-25,BH26_1740.eml,processed,2026-05-27 14:54:50
807,BH26.1741,dathang@email.vn,2026-03-25,BH26_1741.eml,processed,2026-05-27 14:54:50
808,BH26.1742,dathang@email.vn,2026-03-25,BH26_1742.eml,processed,2026-05-27 14:54:50
809,BH26.1743,dathang@email.vn,2026-03-25,BH26_1743.eml,processed,2026-05-27 14:54:50
810,BH26.1744,dathang@email.vn,2026-03-25,BH26_1744.eml,processed,2026-05-27 14:54:50
811,BH26.1745,dathang@email.vn,2026-03-25,BH26_1745.eml,processed,2026-05-27 14:54:50
812,BH26.1746,dathang@email.vn,2026-03-25,BH26_1746.eml,processed,2026-05-27 14:54:50
813,BH26.1747,dathang@email.vn,2026-03-25,BH26_1747.eml,processed,2026-05-27 14:54:50
814,BH26.1748,dathang@email.vn,2026-03-25,BH26_1748.eml,processed,2026-05-27 14:54:50
815,BH26.1749,dathang@email.vn,2026-03-25,BH26_1749.eml,processed,2026-05-27 14:54:50
816,BH26.1750,dathang@email.vn,2026-03-25,BH26_1750.eml,processed,2026-05-27 14:54:50
817,BH26.1751,dathang@email.vn,2026-03-25,BH26_1751.eml,processed,2026-05-27 14:54:50
818,BH26.1752,dathang@email.vn,2026-03-25,BH26_1752.eml,processed,2026-05-27 14:54:50
819,BH26.1753,dathang@email.vn,2026-03-25,BH26_1753.eml,processed,2026-05-27 14:54:50
820,BH26.1754,dathang@email.vn,2026-03-25,BH26_1754.eml,processed,2026-05-27 14:54:50
821,BH26.1755,dathang@email.vn,2026-03-25,BH26_1755.eml,processed,2026-05-27 14:54:50
822,BH26.1756,dathang@email.vn,2026-03-25,BH26_1756.eml,processed,2026-05-27 14:54:50
823,BH26.1757,dathang@email.vn,2026-03-25,BH26_1757.eml,processed,2026-05-27 14:54:50
824,BH26.1758,dathang@email.vn,2026-03-25,BH26_1758.eml,processed,2026-05-27 14:54:50
825,BH26.1759,dathang@email.vn,2026-03-25,BH26_1759.eml,processed,2026-05-27 14:54:50
826,BH26.1760,dathang@email.vn,2026-03-25,BH26_1760.eml,processed,2026-05-27 14:54:50
827,BH26.1761,dathang@email.vn,2026-03-25,BH26_1761.eml,processed,2026-05-27 14:54:50
828,BH26.1762,dathang@email.vn,2026-03-25,BH26_1762.eml,processed,2026-05-27 14:54:50
829,BH26.1763,dathang@email.vn,2026-03-25,BH26_1763.eml,processed,2026-05-27 14:54:50
830,BH26.1764,dathang@email.vn,2026-03-25,BH26_1764.eml,processed,2026-05-27 14:54:50
831,BH26.1765,dathang@email.vn,2026-03-25,BH26_1765.eml,processed,2026-05-27 14:54:50
832,BH26.1766,dathang@email.vn,2026-03-25,BH26_1766.eml,processed,2026-05-27 14:54:50
833,BH26.1767,dathang@email.vn,2026-03-25,BH26_1767.eml,processed,2026-05-27 14:54:50
834,BH26.1768,dathang@email.vn,2026-03-25,BH26_1768.eml,processed,2026-05-27 14:54:50
835,BH26.1769,dathang@email.vn,2026-03-25,BH26_1769.eml,processed,2026-05-27 14:54:50
836,BH26.1770,dathang@email.vn,2026-03-25,BH26_1770.eml,processed,2026-05-27 14:54:50
837,BH26.1771,dathang@email.vn,2026-03-25,BH26_1771.eml,processed,2026-05-27 14:54:50
838,BH26.1772,dathang@email.vn,2026-03-25,BH26_1772.eml,processed,2026-05-27 14:54:50
839,BH26.1773,dathang@email.vn,2026-03-25,BH26_1773.eml,processed,2026-05-27 14:54:50
840,BH26.1774,dathang@email.vn,2026-03-25,BH26_1774.eml,processed,2026-05-27 14:54:50
841,BH26.1775,dathang@email.vn,2026-03-25,BH26_1775.eml,processed,2026-05-27 14:54:50
842,BH26.1776,dathang@email.vn,2026-03-25,BH26_1776.eml,processed,2026-05-27 14:54:50
843,BH26.1777,dathang@email.vn,2026-03-25,BH26_1777.eml,processed,2026-05-27 14:54:50
844,BH26.1778,dathang@email.vn,2026-03-25,BH26_1778.eml,processed,2026-05-27 14:54:50
845,BH26.1779,dathang@email.vn,2026-03-25,BH26_1779.eml,processed,2026-05-27 14:54:50
846,BH26.1780,dathang@email.vn,2026-03-25,BH26_1780.eml,processed,2026-05-27 14:54:50
847,BH26.1781,dathang@email.vn,2026-03-25,BH26_1781.eml,processed,2026-05-27 14:54:50
848,BH26.1782,dathang@email.vn,2026-03-25,BH26_1782.eml,processed,2026-05-27 14:54:50
849,BH26.1783,dathang@email.vn,2026-03-25,BH26_1783.eml,processed,2026-05-27 14:54:50
850,BH26.1784,dathang@email.vn,2026-03-25,BH26_1784.eml,processed,2026-05-27 14:54:50
851,BH26.1785,dathang@email.vn,2026-03-25,BH26_1785.eml,processed,2026-05-27 14:54:50
852,BH26.1786,dathang@email.vn,2026-03-25,BH26_1786.eml,processed,2026-05-27 14:54:50
853,BH26.1787,dathang@email.vn,2026-03-25,BH26_1787.eml,processed,2026-05-27 14:54:50
854,BH26.1788,dathang@email.vn,2026-03-25,BH26_1788.eml,processed,2026-05-27 14:54:50
855,BH26.1789,dathang@email.vn,2026-03-25,BH26_1789.eml,processed,2026-05-27 14:54:50
856,BH26.1790,dathang@email.vn,2026-03-25,BH26_1790.eml,processed,2026-05-27 14:54:50
857,BH26.1791,dathang@email.vn,2026-03-25,BH26_1791.eml,processed,2026-05-27 14:54:50
858,BH26.1792,dathang@email.vn,2026-03-25,BH26_1792.eml,processed,2026-05-27 14:54:50
859,BH26.1793,dathang@email.vn,2026-03-25,BH26_1793.eml,processed,2026-05-27 14:54:50
860,BH26.1794,dathang@email.vn,2026-03-26,BH26_1794.eml,processed,2026-05-27 14:54:50
861,BH26.1795,dathang@email.vn,2026-03-26,BH26_1795.eml,processed,2026-05-27 14:54:50
862,BH26.1796,dathang@email.vn,2026-03-26,BH26_1796.eml,processed,2026-05-27 14:54:50
863,BH26.1797,dathang@email.vn,2026-03-26,BH26_1797.eml,processed,2026-05-27 14:54:50
864,BH26.1798,dathang@email.vn,2026-03-26,BH26_1798.eml,processed,2026-05-27 14:54:50
865,BH26.1799,dathang@email.vn,2026-03-26,BH26_1799.eml,processed,2026-05-27 14:54:50
866,BH26.1800,dathang@email.vn,2026-03-26,BH26_1800.eml,processed,2026-05-27 14:54:50
867,BH26.1801,dathang@email.vn,2026-03-26,BH26_1801.eml,processed,2026-05-27 14:54:50
868,BH26.1802,dathang@email.vn,2026-03-26,BH26_1802.eml,processed,2026-05-27 14:54:50
869,BH26.1803,dathang@email.vn,2026-03-27,BH26_1803.eml,processed,2026-05-27 14:54:50
870,BH26.1804,dathang@email.vn,2026-03-27,BH26_1804.eml,processed,2026-05-27 14:54:50
871,BH26.1805,dathang@email.vn,2026-03-27,BH26_1805.eml,processed,2026-05-27 14:54:50
872,BH26.1806,dathang@email.vn,2026-03-27,BH26_1806.eml,processed,2026-05-27 14:54:50
873,BH26.1807,dathang@email.vn,2026-03-27,BH26_1807.eml,processed,2026-05-27 14:54:50
874,BH26.1808,dathang@email.vn,2026-03-27,BH26_1808.eml,processed,2026-05-27 14:54:50
875,BH26.1809,dathang@email.vn,2026-03-27,BH26_1809.eml,processed,2026-05-27 14:54:50
876,BH26.1810,dathang@email.vn,2026-03-27,BH26_1810.eml,processed,2026-05-27 14:54:50
877,BH26.1811,dathang@email.vn,2026-03-27,BH26_1811.eml,processed,2026-05-27 14:54:50
878,BH26.1812,dathang@email.vn,2026-03-27,BH26_1812.eml,processed,2026-05-27 14:54:50
879,BH26.1813,dathang@email.vn,2026-03-27,BH26_1813.eml,processed,2026-05-27 14:54:50
880,BH26.1814,dathang@email.vn,2026-03-27,BH26_1814.eml,processed,2026-05-27 14:54:50
881,BH26.1815,dathang@email.vn,2026-03-27,BH26_1815.eml,processed,2026-05-27 14:54:50
882,BH26.1816,dathang@email.vn,2026-03-27,BH26_1816.eml,processed,2026-05-27 14:54:50
883,BH26.1817,dathang@email.vn,2026-03-27,BH26_1817.eml,processed,2026-05-27 14:54:50
884,BH26.1818,dathang@email.vn,2026-03-27,BH26_1818.eml,processed,2026-05-27 14:54:50
885,BH26.1819,dathang@email.vn,2026-03-27,BH26_1819.eml,processed,2026-05-27 14:54:50
886,BH26.1820,dathang@email.vn,2026-03-27,BH26_1820.eml,processed,2026-05-27 14:54:50
887,BH26.1821,dathang@email.vn,2026-03-27,BH26_1821.eml,processed,2026-05-27 14:54:50
888,BH26.1822,dathang@email.vn,2026-03-27,BH26_1822.eml,processed,2026-05-27 14:54:50
889,BH26.1823,dathang@email.vn,2026-03-27,BH26_1823.eml,processed,2026-05-27 14:54:50
890,BH26.1824,dathang@email.vn,2026-03-27,BH26_1824.eml,processed,2026-05-27 14:54:50
891,BH26.1825,dathang@email.vn,2026-03-27,BH26_1825.eml,processed,2026-05-27 14:54:50
892,BH26.1826,dathang@email.vn,2026-03-27,BH26_1826.eml,processed,2026-05-27 14:54:50
893,BH26.1827,dathang@email.vn,2026-03-27,BH26_1827.eml,processed,2026-05-27 14:54:50
894,BH26.1828,dathang@email.vn,2026-03-27,BH26_1828.eml,processed,2026-05-27 14:54:50
895,BH26.1829,dathang@email.vn,2026-03-27,BH26_1829.eml,processed,2026-05-27 14:54:50
896,BH26.1830,dathang@email.vn,2026-03-27,BH26_1830.eml,processed,2026-05-27 14:54:50
897,BH26.1831,dathang@email.vn,2026-03-27,BH26_1831.eml,processed,2026-05-27 14:54:50
898,BH26.1832,dathang@email.vn,2026-03-27,BH26_1832.eml,processed,2026-05-27 14:54:50
899,BH26.1833,dathang@email.vn,2026-03-27,BH26_1833.eml,processed,2026-05-27 14:54:50
900,BH26.1834,dathang@email.vn,2026-03-27,BH26_1834.eml,processed,2026-05-27 14:54:50
901,BH26.1835,dathang@email.vn,2026-03-27,BH26_1835.eml,processed,2026-05-27 14:54:50
902,BH26.1836,dathang@email.vn,2026-03-27,BH26_1836.eml,processed,2026-05-27 14:54:50
903,BH26.1837,dathang@email.vn,2026-03-27,BH26_1837.eml,processed,2026-05-27 14:54:50
904,BH26.1838,dathang@email.vn,2026-03-27,BH26_1838.eml,processed,2026-05-27 14:54:50
905,BH26.1839,dathang@email.vn,2026-03-27,BH26_1839.eml,processed,2026-05-27 14:54:50
906,BH26.1840,dathang@email.vn,2026-03-27,BH26_1840.eml,processed,2026-05-27 14:54:50
907,BH26.1841,dathang@email.vn,2026-03-27,BH26_1841.eml,processed,2026-05-27 14:54:50
908,BH26.1842,dathang@email.vn,2026-03-27,BH26_1842.eml,processed,2026-05-27 14:54:50
909,BH26.1843,dathang@email.vn,2026-03-27,BH26_1843.eml,processed,2026-05-27 14:54:50
910,BH26.1844,dathang@email.vn,2026-03-27,BH26_1844.eml,processed,2026-05-27 14:54:50
911,BH26.1845,dathang@email.vn,2026-03-27,BH26_1845.eml,processed,2026-05-27 14:54:50
912,BH26.1846,dathang@email.vn,2026-03-27,BH26_1846.eml,processed,2026-05-27 14:54:50
913,BH26.1847,dathang@email.vn,2026-03-27,BH26_1847.eml,processed,2026-05-27 14:54:50
914,BH26.1848,dathang@email.vn,2026-03-27,BH26_1848.eml,processed,2026-05-27 14:54:50
915,BH26.1849,dathang@email.vn,2026-03-27,BH26_1849.eml,processed,2026-05-27 14:54:50
916,BH26.1850,dathang@email.vn,2026-03-27,BH26_1850.eml,processed,2026-05-27 14:54:50
917,BH26.1851,dathang@email.vn,2026-03-27,BH26_1851.eml,processed,2026-05-27 14:54:50
918,BH26.1852,dathang@email.vn,2026-03-27,BH26_1852.eml,processed,2026-05-27 14:54:50
919,BH26.1853,dathang@email.vn,2026-03-27,BH26_1853.eml,processed,2026-05-27 14:54:50
920,BH26.1854,dathang@email.vn,2026-03-27,BH26_1854.eml,processed,2026-05-27 14:54:50
921,BH26.1855,dathang@email.vn,2026-03-27,BH26_1855.eml,processed,2026-05-27 14:54:50
922,BH26.1856,dathang@email.vn,2026-03-27,BH26_1856.eml,processed,2026-05-27 14:54:50
923,BH26.1857,dathang@email.vn,2026-03-27,BH26_1857.eml,processed,2026-05-27 14:54:50
924,BH26.1858,dathang@email.vn,2026-03-27,BH26_1858.eml,processed,2026-05-27 14:54:50
925,BH26.1859,dathang@email.vn,2026-03-27,BH26_1859.eml,processed,2026-05-27 14:54:50
926,BH26.1860,dathang@email.vn,2026-03-27,BH26_1860.eml,processed,2026-05-27 14:54:50
927,BH26.1861,dathang@email.vn,2026-03-27,BH26_1861.eml,processed,2026-05-27 14:54:50
928,BH26.1862,dathang@email.vn,2026-03-27,BH26_1862.eml,processed,2026-05-27 14:54:50
929,BH26.1863,dathang@email.vn,2026-03-27,BH26_1863.eml,processed,2026-05-27 14:54:50
930,BH26.1864,dathang@email.vn,2026-03-27,BH26_1864.eml,processed,2026-05-27 14:54:50
931,BH26.1865,dathang@email.vn,2026-03-27,BH26_1865.eml,processed,2026-05-27 14:54:50
932,BH26.1866,dathang@email.vn,2026-03-27,BH26_1866.eml,processed,2026-05-27 14:54:50
933,BH26.1867,dathang@email.vn,2026-03-27,BH26_1867.eml,processed,2026-05-27 14:54:50
934,BH26.1868,dathang@email.vn,2026-03-27,BH26_1868.eml,processed,2026-05-27 14:54:50
935,BH26.1869,dathang@email.vn,2026-03-27,BH26_1869.eml,processed,2026-05-27 14:54:50
936,BH26.1870,dathang@email.vn,2026-03-27,BH26_1870.eml,processed,2026-05-27 14:54:50
937,BH26.1871,dathang@email.vn,2026-03-27,BH26_1871.eml,processed,2026-05-27 14:54:50
938,BH26.1872,dathang@email.vn,2026-03-27,BH26_1872.eml,processed,2026-05-27 14:54:50
939,BH26.1873,dathang@email.vn,2026-03-27,BH26_1873.eml,processed,2026-05-27 14:54:50
940,BH26.1874,dathang@email.vn,2026-03-27,BH26_1874.eml,processed,2026-05-27 14:54:50
941,BH26.1875,dathang@email.vn,2026-03-27,BH26_1875.eml,processed,2026-05-27 14:54:50
942,BH26.1876,dathang@email.vn,2026-03-27,BH26_1876.eml,processed,2026-05-27 14:54:50
943,BH26.1877,dathang@email.vn,2026-03-27,BH26_1877.eml,processed,2026-05-27 14:54:50
944,BH26.1878,dathang@email.vn,2026-03-27,BH26_1878.eml,processed,2026-05-27 14:54:50
945,BH26.1879,dathang@email.vn,2026-03-27,BH26_1879.eml,processed,2026-05-27 14:54:50
946,BH26.1880,dathang@email.vn,2026-03-27,BH26_1880.eml,processed,2026-05-27 14:54:50
947,BH26.1881,dathang@email.vn,2026-03-27,BH26_1881.eml,processed,2026-05-27 14:54:50
948,BH26.1882,dathang@email.vn,2026-03-27,BH26_1882.eml,processed,2026-05-27 14:54:50
949,BH26.1883,dathang@email.vn,2026-03-27,BH26_1883.eml,processed,2026-05-27 14:54:50
950,BH26.1884,dathang@email.vn,2026-03-27,BH26_1884.eml,processed,2026-05-27 14:54:50
951,BH26.1885,dathang@email.vn,2026-03-27,BH26_1885.eml,processed,2026-05-27 14:54:50
952,BH26.1886,dathang@email.vn,2026-03-27,BH26_1886.eml,processed,2026-05-27 14:54:50
953,BH26.1887,dathang@email.vn,2026-03-27,BH26_1887.eml,processed,2026-05-27 14:54:50
954,BH26.1888,dathang@email.vn,2026-03-27,BH26_1888.eml,processed,2026-05-27 14:54:50
955,BH26.1889,dathang@email.vn,2026-03-27,BH26_1889.eml,processed,2026-05-27 14:54:50
956,BH26.1890,dathang@email.vn,2026-03-27,BH26_1890.eml,processed,2026-05-27 14:54:50
957,BH26.1891,dathang@email.vn,2026-03-27,BH26_1891.eml,processed,2026-05-27 14:54:50
958,BH26.1892,dathang@email.vn,2026-03-27,BH26_1892.eml,processed,2026-05-27 14:54:50
959,BH26.1893,dathang@email.vn,2026-03-27,BH26_1893.eml,processed,2026-05-27 14:54:50
960,BH26.1894,dathang@email.vn,2026-03-27,BH26_1894.eml,processed,2026-05-27 14:54:50
961,BH26.1895,dathang@email.vn,2026-03-27,BH26_1895.eml,processed,2026-05-27 14:54:50
962,BH26.1896,dathang@email.vn,2026-03-27,BH26_1896.eml,processed,2026-05-27 14:54:50
963,BH26.1897,dathang@email.vn,2026-03-27,BH26_1897.eml,processed,2026-05-27 14:54:50
964,BH26.1898,dathang@email.vn,2026-03-27,BH26_1898.eml,processed,2026-05-27 14:54:50
965,BH26.1899,dathang@email.vn,2026-03-27,BH26_1899.eml,processed,2026-05-27 14:54:50
966,BH26.1900,dathang@email.vn,2026-03-27,BH26_1900.eml,processed,2026-05-27 14:54:50
967,BH26.1901,dathang@email.vn,2026-03-27,BH26_1901.eml,processed,2026-05-27 14:54:50
968,BH26.1902,dathang@email.vn,2026-03-27,BH26_1902.eml,processed,2026-05-27 14:54:50
969,BH26.1903,dathang@email.vn,2026-03-27,BH26_1903.eml,processed,2026-05-27 14:54:50
970,BH26.1904,dathang@email.vn,2026-03-27,BH26_1904.eml,processed,2026-05-27 14:54:50
971,BH26.1905,dathang@email.vn,2026-03-27,BH26_1905.eml,processed,2026-05-27 14:54:50
972,BH26.1906,dathang@email.vn,2026-03-27,BH26_1906.eml,processed,2026-05-27 14:54:50
973,BH26.1907,dathang@email.vn,2026-03-27,BH26_1907.eml,processed,2026-05-27 14:54:50
974,BH26.1908,dathang@email.vn,2026-03-27,BH26_1908.eml,processed,2026-05-27 14:54:50
975,BH26.1909,dathang@email.vn,2026-03-27,BH26_1909.eml,processed,2026-05-27 14:54:50
976,BH26.1910,dathang@email.vn,2026-03-27,BH26_1910.eml,processed,2026-05-27 14:54:50
977,BH26.1911,dathang@email.vn,2026-03-27,BH26_1911.eml,processed,2026-05-27 14:54:50
978,BH26.1912,dathang@email.vn,2026-03-27,BH26_1912.eml,processed,2026-05-27 14:54:50
979,BH26.1913,dathang@email.vn,2026-03-27,BH26_1913.eml,processed,2026-05-27 14:54:50
980,BH26.1914,dathang@email.vn,2026-03-28,BH26_1914.eml,processed,2026-05-27 14:54:50
981,BH26.1915,dathang@email.vn,2026-03-28,BH26_1915.eml,processed,2026-05-27 14:54:50
982,BH26.1916,dathang@email.vn,2026-03-28,BH26_1916.eml,processed,2026-05-27 14:54:50
983,BH26.1917,dathang@email.vn,2026-03-28,BH26_1917.eml,processed,2026-05-27 14:54:50
984,BH26.1918,dathang@email.vn,2026-03-28,BH26_1918.eml,processed,2026-05-27 14:54:50
985,BH26.1919,dathang@email.vn,2026-03-28,BH26_1919.eml,processed,2026-05-27 14:54:50
986,BH26.1920,dathang@email.vn,2026-03-28,BH26_1920.eml,processed,2026-05-27 14:54:50
987,BH26.1921,dathang@email.vn,2026-03-28,BH26_1921.eml,processed,2026-05-27 14:54:50
988,BH26.1922,dathang@email.vn,2026-03-28,BH26_1922.eml,processed,2026-05-27 14:54:50
989,BH26.1923,dathang@email.vn,2026-03-28,BH26_1923.eml,processed,2026-05-27 14:54:50
990,BH26.1924,dathang@email.vn,2026-03-28,BH26_1924.eml,processed,2026-05-27 14:54:50
991,BH26.1925,dathang@email.vn,2026-03-28,BH26_1925.eml,processed,2026-05-27 14:54:50
992,BH26.1926,dathang@email.vn,2026-03-28,BH26_1926.eml,processed,2026-05-27 14:54:50
993,BH26.1927,dathang@email.vn,2026-03-28,BH26_1927.eml,processed,2026-05-27 14:54:50
994,BH26.1928,dathang@email.vn,2026-03-28,BH26_1928.eml,processed,2026-05-27 14:54:50
995,BH26.1929,dathang@email.vn,2026-03-29,BH26_1929.eml,processed,2026-05-27 14:54:50
996,BH26.1930,dathang@email.vn,2026-03-29,BH26_1930.eml,processed,2026-05-27 14:54:50
997,BH26.1931,dathang@email.vn,2026-03-29,BH26_1931.eml,processed,2026-05-27 14:54:50
998,BH26.1932,dathang@email.vn,2026-03-29,BH26_1932.eml,processed,2026-05-27 14:54:50
999,BH26.1933,dathang@email.vn,2026-03-29,BH26_1933.eml,processed,2026-05-27 14:54:50
1000,BH26.1934,dathang@email.vn,2026-03-29,BH26_1934.eml,processed,2026-05-27 14:54:50
1001,BH26.1935,dathang@email.vn,2026-03-29,BH26_1935.eml,processed,2026-05-27 14:54:50
1002,BH26.1936,dathang@email.vn,2026-03-29,BH26_1936.eml,processed,2026-05-27 14:54:50
1003,BH26.1937,dathang@email.vn,2026-03-29,BH26_1937.eml,processed,2026-05-27 14:54:50
1004,BH26.1938,dathang@email.vn,2026-03-29,BH26_1938.eml,processed,2026-05-27 14:54:50
1005,BH26.1939,dathang@email.vn,2026-03-29,BH26_1939.eml,processed,2026-05-27 14:54:50
1006,BH26.1940,dathang@email.vn,2026-03-29,BH26_1940.eml,processed,2026-05-27 14:54:50
1007,BH26.1941,dathang@email.vn,2026-03-29,BH26_1941.eml,processed,2026-05-27 14:54:50
1008,BH26.1942,dathang@email.vn,2026-03-29,BH26_1942.eml,processed,2026-05-27 14:54:50
1009,BH26.1943,dathang@email.vn,2026-03-29,BH26_1943.eml,processed,2026-05-27 14:54:50
1010,BH26.1944,dathang@email.vn,2026-03-29,BH26_1944.eml,processed,2026-05-27 14:54:50
1011,BH26.1945,dathang@email.vn,2026-03-29,BH26_1945.eml,processed,2026-05-27 14:54:50
1012,BH26.1946,dathang@email.vn,2026-03-29,BH26_1946.eml,processed,2026-05-27 14:54:50
1013,BH26.1947,dathang@email.vn,2026-03-29,BH26_1947.eml,processed,2026-05-27 14:54:50
1014,BH26.1948,dathang@email.vn,2026-03-30,BH26_1948.eml,processed,2026-05-27 14:54:50
1015,BH26.1949,dathang@email.vn,2026-03-30,BH26_1949.eml,processed,2026-05-27 14:54:50
1016,BH26.1950,dathang@email.vn,2026-03-30,BH26_1950.eml,processed,2026-05-27 14:54:50
1017,BH26.1951,dathang@email.vn,2026-03-30,BH26_1951.eml,processed,2026-05-27 14:54:50
1018,BH26.1952,dathang@email.vn,2026-03-30,BH26_1952.eml,processed,2026-05-27 14:54:50
1019,BH26.1953,dathang@email.vn,2026-03-30,BH26_1953.eml,processed,2026-05-27 14:54:50
1020,BH26.1954,dathang@email.vn,2026-03-30,BH26_1954.eml,processed,2026-05-27 14:54:50
1021,BH26.1955,dathang@email.vn,2026-03-30,BH26_1955.eml,processed,2026-05-27 14:54:50
1022,BH26.1956,dathang@email.vn,2026-03-30,BH26_1956.eml,processed,2026-05-27 14:54:50
1023,BH26.1957,dathang@email.vn,2026-03-30,BH26_1957.eml,processed,2026-05-27 14:54:50
1024,BH26.1958,dathang@email.vn,2026-03-30,BH26_1958.eml,processed,2026-05-27 14:54:50
1025,BH26.1959,dathang@email.vn,2026-03-30,BH26_1959.eml,processed,2026-05-27 14:54:50
1026,BH26.1960,dathang@email.vn,2026-03-30,BH26_1960.eml,processed,2026-05-27 14:54:50
1027,BH26.1961,dathang@email.vn,2026-03-30,BH26_1961.eml,processed,2026-05-27 14:54:50
1028,BH26.1962,dathang@email.vn,2026-03-30,BH26_1962.eml,processed,2026-05-27 14:54:50
1029,BH26.1963,dathang@email.vn,2026-03-30,BH26_1963.eml,processed,2026-05-27 14:54:50
1030,BH26.1964,dathang@email.vn,2026-03-30,BH26_1964.eml,processed,2026-05-27 14:54:50
1031,BH26.1965,dathang@email.vn,2026-03-30,BH26_1965.eml,processed,2026-05-27 14:54:50
1032,BH26.1966,dathang@email.vn,2026-03-30,BH26_1966.eml,processed,2026-05-27 14:54:50
1033,BH26.1967,dathang@email.vn,2026-03-30,BH26_1967.eml,processed,2026-05-27 14:54:50
1034,BH26.1968,dathang@email.vn,2026-03-30,BH26_1968.eml,processed,2026-05-27 14:54:50
1035,BH26.1969,dathang@email.vn,2026-03-30,BH26_1969.eml,processed,2026-05-27 14:54:50
1036,BH26.1970,dathang@email.vn,2026-03-30,BH26_1970.eml,processed,2026-05-27 14:54:50
1037,BH26.1971,dathang@email.vn,2026-03-30,BH26_1971.eml,processed,2026-05-27 14:54:50
1038,BH26.1972,dathang@email.vn,2026-03-30,BH26_1972.eml,processed,2026-05-27 14:54:50
1039,BH26.1973,dathang@email.vn,2026-03-30,BH26_1973.eml,processed,2026-05-27 14:54:50
1040,BH26.1974,dathang@email.vn,2026-03-30,BH26_1974.eml,processed,2026-05-27 14:54:50
1041,BH26.1975,dathang@email.vn,2026-03-30,BH26_1975.eml,processed,2026-05-27 14:54:50
1042,BH26.1976,dathang@email.vn,2026-03-30,BH26_1976.eml,processed,2026-05-27 14:54:50
1043,BH26.1977,dathang@email.vn,2026-03-30,BH26_1977.eml,processed,2026-05-27 14:54:50
1044,BH26.1978,dathang@email.vn,2026-03-30,BH26_1978.eml,processed,2026-05-27 14:54:50
1045,BH26.1979,dathang@email.vn,2026-03-30,BH26_1979.eml,processed,2026-05-27 14:54:50
1046,BH26.1980,dathang@email.vn,2026-03-30,BH26_1980.eml,processed,2026-05-27 14:54:50
1047,BH26.1981,dathang@email.vn,2026-03-30,BH26_1981.eml,processed,2026-05-27 14:54:50
1048,BH26.1982,dathang@email.vn,2026-03-30,BH26_1982.eml,processed,2026-05-27 14:54:50
1049,BH26.1983,dathang@email.vn,2026-03-31,BH26_1983.eml,processed,2026-05-27 14:54:50
1050,BH26.1984,dathang@email.vn,2026-03-31,BH26_1984.eml,processed,2026-05-27 14:54:50
1051,BH26.1985,dathang@email.vn,2026-03-31,BH26_1985.eml,processed,2026-05-27 14:54:50
1052,BH26.1986,dathang@email.vn,2026-03-31,BH26_1986.eml,processed,2026-05-27 14:54:50
1053,BH26.1987,dathang@email.vn,2026-03-31,BH26_1987.eml,processed,2026-05-27 14:54:50
1054,BH26.1988,dathang@email.vn,2026-03-31,BH26_1988.eml,processed,2026-05-27 14:54:50
1055,BH26.1989,dathang@email.vn,2026-03-31,BH26_1989.eml,processed,2026-05-27 14:54:50
1056,BH26.1990,dathang@email.vn,2026-03-31,BH26_1990.eml,processed,2026-05-27 14:54:50
1057,BH26.1991,dathang@email.vn,2026-03-31,BH26_1991.eml,processed,2026-05-27 14:54:50
1058,BH26.1992,dathang@email.vn,2026-03-31,BH26_1992.eml,processed,2026-05-27 14:54:50
1059,BH26.1993,dathang@email.vn,2026-03-31,BH26_1993.eml,processed,2026-05-27 14:54:50
1060,BH26.1994,dathang@email.vn,2026-03-31,BH26_1994.eml,processed,2026-05-27 14:54:50
1061,BH26.1995,dathang@email.vn,2026-03-31,BH26_1995.eml,processed,2026-05-27 14:54:50
1062,BH26.1996,dathang@email.vn,2026-03-31,BH26_1996.eml,processed,2026-05-27 14:54:50
1063,BH26.1997,dathang@email.vn,2026-03-31,BH26_1997.eml,processed,2026-05-27 14:54:50
1064,BH26.1998,dathang@email.vn,2026-03-31,BH26_1998.eml,processed,2026-05-27 14:54:50
1065,BH26.1999,dathang@email.vn,2026-03-31,BH26_1999.eml,processed,2026-05-27 14:54:50
1066,BH26.2000,dathang@email.vn,2026-03-31,BH26_2000.eml,processed,2026-05-27 14:54:50
1067,BH26.2001,dathang@email.vn,2026-03-31,BH26_2001.eml,processed,2026-05-27 14:54:50
1068,BH26.2002,dathang@email.vn,2026-03-31,BH26_2002.eml,processed,2026-05-27 14:54:50
1069,BH26.2003,dathang@email.vn,2026-03-31,BH26_2003.eml,processed,2026-05-27 14:54:50
1070,BH26.2004,dathang@email.vn,2026-03-31,BH26_2004.eml,processed,2026-05-27 14:54:50
1071,BH26.2005,dathang@email.vn,2026-03-31,BH26_2005.eml,processed,2026-05-27 14:54:50
1072,BH26.2006,dathang@email.vn,2026-03-31,BH26_2006.eml,processed,2026-05-27 14:54:50
1073,BH26.2007,dathang@email.vn,2026-03-31,BH26_2007.eml,processed,2026-05-27 14:54:50
1074,BH26.2008,dathang@email.vn,2026-03-31,BH26_2008.eml,processed,2026-05-27 14:54:50
1075,BH26.2009,dathang@email.vn,2026-03-31,BH26_2009.eml,processed,2026-05-27 14:54:50
1076,BH26.2010,dathang@email.vn,2026-03-31,BH26_2010.eml,processed,2026-05-27 14:54:50
1077,BH26.2011,dathang@email.vn,2026-03-31,BH26_2011.eml,processed,2026-05-27 14:54:50
1078,BH26.2012,dathang@email.vn,2026-03-31,BH26_2012.eml,processed,2026-05-27 14:54:50
1079,BH26.2013,dathang@email.vn,2026-03-31,BH26_2013.eml,processed,2026-05-27 14:54:50
1080,BH26.2014,dathang@email.vn,2026-03-31,BH26_2014.eml,processed,2026-05-27 14:54:50
1081,BH26.2015,dathang@email.vn,2026-03-31,BH26_2015.eml,processed,2026-05-27 14:54:50
1082,BH26.2016,dathang@email.vn,2026-03-31,BH26_2016.eml,processed,2026-05-27 14:54:50
1083,BH26.2017,dathang@email.vn,2026-03-31,BH26_2017.eml,processed,2026-05-27 14:54:50
1084,BH26.2018,dathang@email.vn,2026-03-31,BH26_2018.eml,processed,2026-05-27 14:54:50
1085,BH26.2019,dathang@email.vn,2026-03-31,BH26_2019.eml,processed,2026-05-27 14:54:50
1086,BH26.2020,dathang@email.vn,2026-03-31,BH26_2020.eml,processed,2026-05-27 14:54:50
1087,BH26.2021,dathang@email.vn,2026-03-31,BH26_2021.eml,processed,2026-05-27 14:54:50
1088,BH26.2022,dathang@email.vn,2026-03-31,BH26_2022.eml,processed,2026-05-27 14:54:50
1089,BH26.2023,dathang@email.vn,2026-03-31,BH26_2023.eml,processed,2026-05-27 14:54:50
1090,BH26.2024,dathang@email.vn,2026-03-31,BH26_2024.eml,processed,2026-05-27 14:54:50
1091,BH26.2025,dathang@email.vn,2026-03-31,BH26_2025.eml,processed,2026-05-27 14:54:50
1092,BH26.2026,dathang@email.vn,2026-03-31,BH26_2026.eml,processed,2026-05-27 14:54:50
1093,BH26.2027,dathang@email.vn,2026-03-31,BH26_2027.eml,processed,2026-05-27 14:54:50
1094,BH26.2028,dathang@email.vn,2026-03-31,BH26_2028.eml,processed,2026-05-27 14:54:50
1095,BH26.2029,dathang@email.vn,2026-03-31,BH26_2029.eml,processed,2026-05-27 14:54:50
1096,BH26.2030,dathang@email.vn,2026-03-31,BH26_2030.eml,processed,2026-05-27 14:54:50
1097,BH26.2031,dathang@email.vn,2026-03-31,BH26_2031.eml,processed,2026-05-27 14:54:50
1098,BH26.2032,dathang@email.vn,2026-03-31,BH26_2032.eml,processed,2026-05-27 14:54:50
1099,BH26.2033,dathang@email.vn,2026-03-31,BH26_2033.eml,processed,2026-05-27 14:54:50
1100,BH26.2034,dathang@email.vn,2026-03-31,BH26_2034.eml,processed,2026-05-27 14:54:50
1101,BH26.2035,dathang@email.vn,2026-03-31,BH26_2035.eml,processed,2026-05-27 14:54:50
1102,BH26.2036,dathang@email.vn,2026-03-31,BH26_2036.eml,processed,2026-05-27 14:54:50
1103,BH26.2037,dathang@email.vn,2026-03-31,BH26_2037.eml,processed,2026-05-27 14:54:50
1104,BH26.2038,dathang@email.vn,2026-03-31,BH26_2038.eml,processed,2026-05-27 14:54:50
1105,BH26.2039,dathang@email.vn,2026-03-31,BH26_2039.eml,processed,2026-05-27 14:54:50
1106,BH26.2040,dathang@email.vn,2026-03-31,BH26_2040.eml,processed,2026-05-27 14:54:50
1107,BH26.2041,dathang@email.vn,2026-03-31,BH26_2041.eml,processed,2026-05-27 14:54:50
1108,BH26.2042,dathang@email.vn,2026-03-31,BH26_2042.eml,processed,2026-05-27 14:54:50
1109,BH26.2043,dathang@email.vn,2026-03-31,BH26_2043.eml,processed,2026-05-27 14:54:50
1110,BH26.2044,dathang@email.vn,2026-03-31,BH26_2044.eml,processed,2026-05-27 14:54:50
1111,BH26.2045,dathang@email.vn,2026-03-31,BH26_2045.eml,processed,2026-05-27 14:54:50
1112,BH26.2046,dathang@email.vn,2026-03-31,BH26_2046.eml,processed,2026-05-27 14:54:50
1113,BH26.2047,dathang@email.vn,2026-03-31,BH26_2047.eml,processed,2026-05-27 14:54:50
1114,BH26.2048,dathang@email.vn,2026-03-31,BH26_2048.eml,processed,2026-05-27 14:54:50
1115,BH26.2049,dathang@email.vn,2026-03-31,BH26_2049.eml,processed,2026-05-27 14:54:50
1116,BH26.2050,dathang@email.vn,2026-03-31,BH26_2050.eml,processed,2026-05-27 14:54:50
1117,BH26.2051,dathang@email.vn,2026-03-31,BH26_2051.eml,processed,2026-05-27 14:54:50
1118,BH26.2052,dathang@email.vn,2026-03-31,BH26_2052.eml,processed,2026-05-27 14:54:50
1119,BH26.2053,dathang@email.vn,2026-03-31,BH26_2053.eml,processed,2026-05-27 14:54:50
1120,BH26.2054,dathang@email.vn,2026-03-31,BH26_2054.eml,processed,2026-05-27 14:54:50
1121,BH26.2055,dathang@email.vn,2026-03-31,BH26_2055.eml,processed,2026-05-27 14:54:50
1122,BH26.2056,dathang@email.vn,2026-03-31,BH26_2056.eml,processed,2026-05-27 14:54:50
1123,BH26.2057,dathang@email.vn,2026-03-31,BH26_2057.eml,processed,2026-05-27 14:54:50
1124,BH26.2058,dathang@email.vn,2026-03-31,BH26_2058.eml,processed,2026-05-27 14:54:50
1125,BH26.2059,dathang@email.vn,2026-03-31,BH26_2059.eml,processed,2026-05-27 14:54:50
1126,BH26.2060,dathang@email.vn,2026-03-31,BH26_2060.eml,processed,2026-05-27 14:54:50
1127,BH26.2061,dathang@email.vn,2026-03-31,BH26_2061.eml,processed,2026-05-27 14:54:50
1128,BH26.2062,dathang@email.vn,2026-03-31,BH26_2062.eml,processed,2026-05-27 14:54:50
1129,BH26.2063,dathang@email.vn,2026-03-31,BH26_2063.eml,processed,2026-05-27 14:54:50
1130,BH26.2064,dathang@email.vn,2026-03-31,BH26_2064.eml,processed,2026-05-27 14:54:50
1131,BH26.2065,dathang@email.vn,2026-03-31,BH26_2065.eml,processed,2026-05-27 14:54:50
1132,BH26.2066,dathang@email.vn,2026-03-31,BH26_2066.eml,processed,2026-05-27 14:54:50
